Anastasia;Hollow@yandex.ru;C#
Alexandra;Andrew54@gmail.com;C
Dima;WannaCyberpunk2077@yandex.ru;Pascal
Boris;Rublick@mail.ru;Objective C
Anastasia;Sherlock_TOP@gmail.com;Lisp
Igor;Hollow@yandex.ru;C#
Boris;Lot@gmail.com;C#
Anastasia;Andrew54@gmail.com;HTML
Alex;goodMood@yandex.ru;HTML
Alexandra;goodMood@yandex.ru;Lisp
Nikita;Lollypopx20@yandex.ru;C++
Dima;goodMood@yandex.ru;Java
Anastasia;Redund2020@mail.ru;C
Nikita;Lollypopx20@yandex.ru;Python
Andrey;Hollow@yandex.ru;Objective C
Anastasia;Sherlock_TOP@gmail.com;C#
Nikita;Lollypopx20@yandex.ru;Java
Alex;Andrew54@gmail.com;Objective C
Nikolai;Lot@gmail.com;HTML
Alex;Sherlock_TOP@gmail.com;Java
Alexandra;Redund2020@mail.ru;Kotlin
Alex;Hollow@yandex.ru;HTML
Dasha;Lot@gmail.com;Java
Igor;Lot@gmail.com;C++
Boris;Lot@gmail.com;Pascal
Nikita;Hollow@yandex.ru;Python
Anastasia;goodMood@yandex.ru;C
Dima;JavaProf2020@yandex.ru;C++
Alexandra;Lollypopx20@yandex.ru;C
Andrey;WannaCyberpunk2077@yandex.ru;Lisp
Anastasia;Rublick@mail.ru;Kotlin
Nikolai;Rublick@mail.ru;C
Nikolai;Sherlock_TOP@gmail.com;Java
Boris;Rublick@mail.ru;Python
Dasha;Redund2020@mail.ru;Kotlin
Dima;Hollow@yandex.ru;Python
Nikolai;Hollow@yandex.ru;Objective C
Boris;Sherlock_TOP@gmail.com;Lisp
Andrey;goodMood@yandex.ru;Java
Alex;WannaCyberpunk2077@yandex.ru;Python
Nikita;WannaCyberpunk2077@yandex.ru;Pascal
Dima;Lollypopx20@yandex.ru;Lisp
Andrey;Hollow@yandex.ru;Kotlin
Boris;Hollow@yandex.ru;Lisp
Nikolai;goodMood@yandex.ru;C#
Nikita;Rublick@mail.ru;C
Anastasia;Rublick@mail.ru;Python
Dima;Lot@gmail.com;Pascal
Alexandra;WannaCyberpunk2077@yandex.ru;Kotlin
Igor;Lot@gmail.com;Pascal
Anastasia;Andrew54@gmail.com;Java
Igor;Hollow@yandex.ru;HTML
Dasha;goodMood@yandex.ru;Objective C
Dima;Hollow@yandex.ru;C++
Nikolai;Lollypopx20@yandex.ru;Java
Boris;Sherlock_TOP@gmail.com;Objective C
Dima;Sherlock_TOP@gmail.com;Kotlin
Alex;WannaCyberpunk2077@yandex.ru;Objective C
Nikita;Lot@gmail.com;C#
Igor;Sherlock_TOP@gmail.com;Kotlin
Dima;Sherlock_TOP@gmail.com;Java
Dasha;Sherlock_TOP@gmail.com;C
Andrey;Sherlock_TOP@gmail.com;Objective C
Dasha;Lollypopx20@yandex.ru;C
Alex;Lollypopx20@yandex.ru;Python
Alexandra;Hollow@yandex.ru;Pascal
Andrey;JavaProf2020@yandex.ru;C#
Anastasia;JavaProf2020@yandex.ru;Lisp
Andrey;Hollow@yandex.ru;C#
Nikolai;JavaProf2020@yandex.ru;Java
Alexandra;Andrew54@gmail.com;Java
Alexandra;Rublick@mail.ru;Kotlin
Alex;Hollow@yandex.ru;Java
Alex;Lollypopx20@yandex.ru;C#
Alex;Rublick@mail.ru;Kotlin
Boris;Lot@gmail.com;HTML
Andrey;Rublick@mail.ru;C#
Igor;Redund2020@mail.ru;C#
Andrey;Sherlock_TOP@gmail.com;Python
Igor;Andrew54@gmail.com;C
Dima;WannaCyberpunk2077@yandex.ru;C#
Alex;Lot@gmail.com;C
Dasha;Lollypopx20@yandex.ru;HTML
Igor;Lot@gmail.com;Java
Alexandra;goodMood@yandex.ru;C++
Dasha;WannaCyberpunk2077@yandex.ru;Kotlin
Nikolai;Andrew54@gmail.com;C#
Nikita;WannaCyberpunk2077@yandex.ru;C++
Anastasia;Lollypopx20@yandex.ru;C#
Andrey;goodMood@yandex.ru;HTML
Boris;Lollypopx20@yandex.ru;Lisp
Anastasia;goodMood@yandex.ru;Objective C
Andrey;Rublick@mail.ru;Java
Dasha;Sherlock_TOP@gmail.com;Python
Alexandra;WannaCyberpunk2077@yandex.ru;C++
Alex;Sherlock_TOP@gmail.com;C
Dasha;goodMood@yandex.ru;Kotlin
Nikita;Hollow@yandex.ru;C++
Anastasia;Lot@gmail.com;C
Igor;goodMood@yandex.ru;Java
Alexandra;goodMood@yandex.ru;C
Andrey;Lot@gmail.com;Pascal
Nikolai;Rublick@mail.ru;Lisp
Andrey;JavaProf2020@yandex.ru;Pascal
Dasha;Hollow@yandex.ru;Python
Alex;JavaProf2020@yandex.ru;C#
Boris;Andrew54@gmail.com;C
Boris;Lollypopx20@yandex.ru;C
Igor;Sherlock_TOP@gmail.com;Python
Boris;WannaCyberpunk2077@yandex.ru;C++
Igor;Sherlock_TOP@gmail.com;C#
Andrey;WannaCyberpunk2077@yandex.ru;Kotlin
Igor;Andrew54@gmail.com;Python
Alex;Redund2020@mail.ru;C++
Alexandra;Rublick@mail.ru;Objective C
Dasha;Sherlock_TOP@gmail.com;C++
Andrey;Lot@gmail.com;C++
Boris;Andrew54@gmail.com;C++
Anastasia;Lollypopx20@yandex.ru;Python
Nikolai;Hollow@yandex.ru;Lisp
Alexandra;Lollypopx20@yandex.ru;Lisp
Anastasia;Rublick@mail.ru;Lisp
Nikolai;Sherlock_TOP@gmail.com;Lisp
Nikita;WannaCyberpunk2077@yandex.ru;Java
Dasha;Lollypopx20@yandex.ru;Pascal
Boris;JavaProf2020@yandex.ru;Java
Alex;Hollow@yandex.ru;Python
Igor;Lollypopx20@yandex.ru;Objective C
Alex;Rublick@mail.ru;Python
Dasha;goodMood@yandex.ru;C++
Boris;Rublick@mail.ru;C#
Boris;Hollow@yandex.ru;Python
Anastasia;JavaProf2020@yandex.ru;Python
Anastasia;Rublick@mail.ru;HTML
Andrey;Sherlock_TOP@gmail.com;C++
Nikolai;Redund2020@mail.ru;HTML
Andrey;WannaCyberpunk2077@yandex.ru;Pascal
Anastasia;Rublick@mail.ru;C++
Nikolai;goodMood@yandex.ru;C
Nikita;goodMood@yandex.ru;C
Nikita;goodMood@yandex.ru;Kotlin
Nikolai;goodMood@yandex.ru;Java
Igor;Sherlock_TOP@gmail.com;Objective C
Alex;Hollow@yandex.ru;C#
Nikolai;Rublick@mail.ru;Python
Nikita;Sherlock_TOP@gmail.com;C
Anastasia;Lot@gmail.com;Lisp
Igor;WannaCyberpunk2077@yandex.ru;C++
Alexandra;Rublick@mail.ru;C
Nikita;Redund2020@mail.ru;C++
Boris;Redund2020@mail.ru;C++
Alex;Sherlock_TOP@gmail.com;Pascal
Igor;Redund2020@mail.ru;Java
Alexandra;Hollow@yandex.ru;C
Alexandra;Andrew54@gmail.com;C++
Dasha;Redund2020@mail.ru;HTML
Alex;Lollypopx20@yandex.ru;C
Andrey;Sherlock_TOP@gmail.com;Kotlin
Igor;Rublick@mail.ru;Lisp
Alex;Sherlock_TOP@gmail.com;Objective C
Alex;Rublick@mail.ru;C++
Alex;WannaCyberpunk2077@yandex.ru;C#
Nikolai;Rublick@mail.ru;C++
Alex;Lollypopx20@yandex.ru;Kotlin
Igor;Andrew54@gmail.com;Objective C
Boris;Sherlock_TOP@gmail.com;Java
Alexandra;goodMood@yandex.ru;Pascal
Dasha;WannaCyberpunk2077@yandex.ru;C++
Nikita;Redund2020@mail.ru;Java
Nikita;JavaProf2020@yandex.ru;C++
Igor;Sherlock_TOP@gmail.com;C++
Nikolai;Lollypopx20@yandex.ru;Python
Nikita;Redund2020@mail.ru;Objective C
Alex;Andrew54@gmail.com;Python
Anastasia;JavaProf2020@yandex.ru;C
Dima;WannaCyberpunk2077@yandex.ru;Objective C
Boris;Rublick@mail.ru;HTML
Alex;Redund2020@mail.ru;Java
Igor;Lollypopx20@yandex.ru;C#
Alexandra;Lollypopx20@yandex.ru;Java
Alexandra;JavaProf2020@yandex.ru;Kotlin
Dima;Lollypopx20@yandex.ru;C++
Igor;Rublick@mail.ru;HTML
Igor;Rublick@mail.ru;Kotlin
Anastasia;JavaProf2020@yandex.ru;HTML
Alexandra;Rublick@mail.ru;C#
Alex;Andrew54@gmail.com;Lisp
Dasha;Lollypopx20@yandex.ru;Objective C
Boris;Lollypopx20@yandex.ru;Objective C
Anastasia;Lot@gmail.com;Pascal
Andrey;Sherlock_TOP@gmail.com;Pascal
Andrey;Hollow@yandex.ru;C++
Alexandra;Hollow@yandex.ru;Lisp
Dima;Lot@gmail.com;Python
Dima;Lollypopx20@yandex.ru;HTML
Nikita;Rublick@mail.ru;Pascal
Andrey;JavaProf2020@yandex.ru;C
Alex;Rublick@mail.ru;Objective C
Andrey;WannaCyberpunk2077@yandex.ru;Java
Nikita;JavaProf2020@yandex.ru;Java
Dima;Lot@gmail.com;Kotlin
Dima;Andrew54@gmail.com;C#
Anastasia;Redund2020@mail.ru;C++
Andrey;Andrew54@gmail.com;C#
Nikolai;Sherlock_TOP@gmail.com;C++
Alexandra;JavaProf2020@yandex.ru;C#
Alex;Rublick@mail.ru;HTML
Alexandra;WannaCyberpunk2077@yandex.ru;C#
Igor;goodMood@yandex.ru;Pascal
Alex;goodMood@yandex.ru;Python
Anastasia;Lot@gmail.com;Java
Boris;JavaProf2020@yandex.ru;Python
Dasha;JavaProf2020@yandex.ru;Lisp
Boris;Hollow@yandex.ru;C
Anastasia;Lollypopx20@yandex.ru;C
Igor;Hollow@yandex.ru;Python
Dasha;Andrew54@gmail.com;Python
Dasha;Lot@gmail.com;C#
Igor;goodMood@yandex.ru;C++
Nikita;Lollypopx20@yandex.ru;C#
Alex;Andrew54@gmail.com;Java
Dima;Rublick@mail.ru;C#
Alexandra;WannaCyberpunk2077@yandex.ru;Python
Nikolai;Andrew54@gmail.com;Pascal
Nikolai;Lollypopx20@yandex.ru;C++
Andrey;Redund2020@mail.ru;C
Igor;WannaCyberpunk2077@yandex.ru;Pascal
Andrey;Rublick@mail.ru;C++
Dima;Lot@gmail.com;Objective C
Andrey;WannaCyberpunk2077@yandex.ru;Objective C
Nikolai;Lollypopx20@yandex.ru;C#
Boris;Lot@gmail.com;C
Anastasia;Lot@gmail.com;Python
Andrey;Hollow@yandex.ru;Lisp
Nikita;Sherlock_TOP@gmail.com;Pascal
Nikolai;Redund2020@mail.ru;Lisp
Anastasia;Rublick@mail.ru;Objective C
Dasha;Lollypopx20@yandex.ru;Kotlin
Dasha;Hollow@yandex.ru;C#
Nikolai;Sherlock_TOP@gmail.com;C
Nikolai;WannaCyberpunk2077@yandex.ru;Lisp
Andrey;Redund2020@mail.ru;Pascal
Alex;Sherlock_TOP@gmail.com;Kotlin
Boris;goodMood@yandex.ru;C#
Igor;Lollypopx20@yandex.ru;Lisp
Dima;Redund2020@mail.ru;Java
Alex;Lollypopx20@yandex.ru;Java
Nikolai;Lot@gmail.com;C
Andrey;Sherlock_TOP@gmail.com;Java
Igor;Hollow@yandex.ru;Kotlin
Anastasia;Andrew54@gmail.com;Kotlin
Alexandra;Lot@gmail.com;Objective C
Alexandra;Rublick@mail.ru;Java
Nikita;Lot@gmail.com;Java
Boris;goodMood@yandex.ru;Pascal
Andrey;Lollypopx20@yandex.ru;C
Andrey;Redund2020@mail.ru;Kotlin
Nikita;Rublick@mail.ru;C#
Dasha;Andrew54@gmail.com;Objective C
Alexandra;Lollypopx20@yandex.ru;Python
Boris;WannaCyberpunk2077@yandex.ru;Lisp
Nikita;JavaProf2020@yandex.ru;Lisp
Anastasia;Lollypopx20@yandex.ru;Pascal
Dima;goodMood@yandex.ru;C
Alex;Lot@gmail.com;Lisp
Nikita;Lollypopx20@yandex.ru;Objective C
Anastasia;Lollypopx20@yandex.ru;Objective C
Igor;Redund2020@mail.ru;C++
Alex;WannaCyberpunk2077@yandex.ru;Lisp
Nikita;Lot@gmail.com;Python
Alexandra;JavaProf2020@yandex.ru;HTML
Nikita;Hollow@yandex.ru;Kotlin
Nikolai;WannaCyberpunk2077@yandex.ru;Python
Dasha;Lot@gmail.com;Python
Andrey;goodMood@yandex.ru;C#
Nikolai;Rublick@mail.ru;C#
Igor;Andrew54@gmail.com;Kotlin
Nikolai;Hollow@yandex.ru;HTML
Alexandra;Rublick@mail.ru;Pascal
Alexandra;Redund2020@mail.ru;Python
Boris;Rublick@mail.ru;C++
Alexandra;Lollypopx20@yandex.ru;Objective C
Alex;Lollypopx20@yandex.ru;Pascal
Andrey;Redund2020@mail.ru;C#
Nikita;WannaCyberpunk2077@yandex.ru;HTML
Nikolai;goodMood@yandex.ru;Lisp
Andrey;WannaCyberpunk2077@yandex.ru;C++
Alex;Hollow@yandex.ru;Pascal
Igor;WannaCyberpunk2077@yandex.ru;Kotlin
Alex;Andrew54@gmail.com;HTML
Dima;JavaProf2020@yandex.ru;HTML
Igor;JavaProf2020@yandex.ru;C#
Nikolai;goodMood@yandex.ru;C++
Anastasia;WannaCyberpunk2077@yandex.ru;Lisp
Alex;Andrew54@gmail.com;C#
Nikita;JavaProf2020@yandex.ru;Kotlin
Alex;goodMood@yandex.ru;Pascal
Andrey;goodMood@yandex.ru;C++
Andrey;WannaCyberpunk2077@yandex.ru;C#
Dasha;Hollow@yandex.ru;Lisp
Boris;Hollow@yandex.ru;Objective C
Dasha;Redund2020@mail.ru;Objective C
Dima;Redund2020@mail.ru;Kotlin
Andrey;Lollypopx20@yandex.ru;Pascal
Igor;Lollypopx20@yandex.ru;Java
Alexandra;Sherlock_TOP@gmail.com;C++
Dima;WannaCyberpunk2077@yandex.ru;C
Nikolai;Andrew54@gmail.com;Lisp
Alex;Redund2020@mail.ru;Python
Igor;Redund2020@mail.ru;C
Igor;JavaProf2020@yandex.ru;HTML
Nikolai;Rublick@mail.ru;Objective C
Alex;JavaProf2020@yandex.ru;Pascal
Alexandra;Sherlock_TOP@gmail.com;C#
Anastasia;JavaProf2020@yandex.ru;Objective C
Igor;Andrew54@gmail.com;Lisp
Boris;Lollypopx20@yandex.ru;HTML
Alex;Andrew54@gmail.com;Kotlin
Alexandra;Redund2020@mail.ru;Objective C
Anastasia;goodMood@yandex.ru;Java
Andrey;Lot@gmail.com;Java
Alex;JavaProf2020@yandex.ru;Kotlin
Nikita;Lot@gmail.com;Pascal
Dasha;Lot@gmail.com;C++
Nikolai;WannaCyberpunk2077@yandex.ru;HTML
Nikita;Redund2020@mail.ru;C
Boris;JavaProf2020@yandex.ru;Kotlin
Nikolai;WannaCyberpunk2077@yandex.ru;C
Alexandra;Andrew54@gmail.com;Pascal
Alex;JavaProf2020@yandex.ru;C
Alexandra;Rublick@mail.ru;HTML
Igor;WannaCyberpunk2077@yandex.ru;C#
Dasha;Andrew54@gmail.com;Java
Alexandra;JavaProf2020@yandex.ru;C
Dima;Sherlock_TOP@gmail.com;Lisp
Dasha;Sherlock_TOP@gmail.com;Objective C
Dasha;Redund2020@mail.ru;Python
Nikolai;Hollow@yandex.ru;Pascal
Alexandra;Rublick@mail.ru;C++
Alex;Andrew54@gmail.com;Pascal
Igor;Lot@gmail.com;Python
Andrey;goodMood@yandex.ru;Kotlin
Alex;goodMood@yandex.ru;C
Nikolai;Lot@gmail.com;Java
Alexandra;Hollow@yandex.ru;HTML
Dasha;WannaCyberpunk2077@yandex.ru;Python
Nikolai;Rublick@mail.ru;Kotlin
Nikolai;Lot@gmail.com;Lisp
Alexandra;Redund2020@mail.ru;Lisp
Nikita;Lot@gmail.com;Kotlin
Dima;Rublick@mail.ru;Objective C
Dasha;Sherlock_TOP@gmail.com;HTML
Dima;Lot@gmail.com;Lisp
Igor;goodMood@yandex.ru;C#
Dima;goodMood@yandex.ru;Pascal
Alexandra;goodMood@yandex.ru;Kotlin
Nikita;Rublick@mail.ru;HTML
Dima;Andrew54@gmail.com;C
Anastasia;Andrew54@gmail.com;C#
Nikita;Sherlock_TOP@gmail.com;C++
Boris;Rublick@mail.ru;Pascal
Nikolai;Andrew54@gmail.com;HTML
Anastasia;JavaProf2020@yandex.ru;Java
Alexandra;Sherlock_TOP@gmail.com;Lisp
Alexandra;WannaCyberpunk2077@yandex.ru;Objective C
Igor;Andrew54@gmail.com;HTML
Nikita;JavaProf2020@yandex.ru;C
Andrey;Redund2020@mail.ru;HTML
Dima;Redund2020@mail.ru;C
Alex;JavaProf2020@yandex.ru;Java
Nikolai;Andrew54@gmail.com;Objective C
Anastasia;WannaCyberpunk2077@yandex.ru;Pascal
Alex;Rublick@mail.ru;Java
Igor;Rublick@mail.ru;Python
Dasha;goodMood@yandex.ru;C
Boris;Redund2020@mail.ru;Kotlin
Anastasia;Sherlock_TOP@gmail.com;HTML
Andrey;Rublick@mail.ru;Lisp
Dima;JavaProf2020@yandex.ru;Java
Anastasia;Lot@gmail.com;C#
Igor;Sherlock_TOP@gmail.com;Pascal
Alexandra;Redund2020@mail.ru;C++
Nikolai;Lot@gmail.com;Pascal
Dima;Lot@gmail.com;HTML
Dima;goodMood@yandex.ru;Lisp
Dasha;WannaCyberpunk2077@yandex.ru;C#
Dima;goodMood@yandex.ru;Kotlin
Andrey;Redund2020@mail.ru;Lisp
Alex;JavaProf2020@yandex.ru;Python
Alex;WannaCyberpunk2077@yandex.ru;Java
Nikolai;goodMood@yandex.ru;Objective C
Nikolai;Andrew54@gmail.com;Kotlin
Alex;Hollow@yandex.ru;Lisp
Nikolai;WannaCyberpunk2077@yandex.ru;C++
Anastasia;Sherlock_TOP@gmail.com;Java
Igor;Hollow@yandex.ru;C
Nikolai;Redund2020@mail.ru;C#
Andrey;JavaProf2020@yandex.ru;Java
Alex;Lollypopx20@yandex.ru;C++
Alexandra;Lollypopx20@yandex.ru;Kotlin
Anastasia;Redund2020@mail.ru;HTML
Andrey;Andrew54@gmail.com;Kotlin
Boris;Sherlock_TOP@gmail.com;HTML
Boris;Andrew54@gmail.com;Lisp
Dasha;Rublick@mail.ru;Objective C
Alex;Lollypopx20@yandex.ru;HTML
Igor;Lot@gmail.com;Objective C
Dasha;Sherlock_TOP@gmail.com;Pascal
Dasha;Rublick@mail.ru;Lisp
Andrey;Lot@gmail.com;HTML
Anastasia;goodMood@yandex.ru;C++
Alex;Sherlock_TOP@gmail.com;C#
Alexandra;WannaCyberpunk2077@yandex.ru;C
Igor;JavaProf2020@yandex.ru;Python
Dima;Lollypopx20@yandex.ru;Python
Alexandra;Rublick@mail.ru;Python
Anastasia;WannaCyberpunk2077@yandex.ru;C
Boris;Redund2020@mail.ru;Objective C
Igor;Lollypopx20@yandex.ru;C++
Igor;JavaProf2020@yandex.ru;Lisp
Igor;Redund2020@mail.ru;Pascal
Nikita;Sherlock_TOP@gmail.com;Lisp
Alexandra;Redund2020@mail.ru;C#
Boris;Lot@gmail.com;Lisp
Dima;Lot@gmail.com;C#
Alex;WannaCyberpunk2077@yandex.ru;Kotlin
Alex;goodMood@yandex.ru;Kotlin
Nikita;goodMood@yandex.ru;Objective C
Nikita;Rublick@mail.ru;C++
Nikita;Redund2020@mail.ru;Python
Anastasia;Sherlock_TOP@gmail.com;Python
Nikolai;Hollow@yandex.ru;Java
Igor;Lollypopx20@yandex.ru;Python
Dasha;JavaProf2020@yandex.ru;C
Dima;JavaProf2020@yandex.ru;Python
Igor;goodMood@yandex.ru;Kotlin
Boris;Andrew54@gmail.com;Objective C
Nikolai;WannaCyberpunk2077@yandex.ru;Kotlin
Nikita;Andrew54@gmail.com;C++
Boris;WannaCyberpunk2077@yandex.ru;Java
Dasha;Hollow@yandex.ru;C++
Alexandra;Lot@gmail.com;Lisp
Boris;Sherlock_TOP@gmail.com;C#
Andrey;Rublick@mail.ru;Python
Dima;Redund2020@mail.ru;HTML
Alex;Lot@gmail.com;Objective C
Andrey;Redund2020@mail.ru;Java
Dima;Rublick@mail.ru;Lisp
Nikolai;Sherlock_TOP@gmail.com;Python
Nikita;goodMood@yandex.ru;Pascal
Alexandra;goodMood@yandex.ru;Java
Anastasia;Lollypopx20@yandex.ru;Java
Boris;JavaProf2020@yandex.ru;HTML
Alexandra;goodMood@yandex.ru;Objective C
Nikolai;JavaProf2020@yandex.ru;Pascal
Andrey;Hollow@yandex.ru;HTML
Dasha;Lollypopx20@yandex.ru;Python
Andrey;Hollow@yandex.ru;Pascal
Dima;Hollow@yandex.ru;Pascal
Andrey;Andrew54@gmail.com;Java
Igor;Lot@gmail.com;Kotlin
Nikita;goodMood@yandex.ru;HTML
Igor;Redund2020@mail.ru;HTML
Alex;Rublick@mail.ru;C
Dasha;Sherlock_TOP@gmail.com;Kotlin
Nikolai;Rublick@mail.ru;Java
Dima;Redund2020@mail.ru;Objective C
Nikolai;Redund2020@mail.ru;C
Alexandra;Andrew54@gmail.com;C#
Igor;Hollow@yandex.ru;C++
Alex;Sherlock_TOP@gmail.com;HTML
Dasha;Rublick@mail.ru;Kotlin
Igor;Lollypopx20@yandex.ru;C
Igor;Rublick@mail.ru;Java
Alex;Andrew54@gmail.com;C++
Anastasia;goodMood@yandex.ru;Kotlin
Nikita;Lollypopx20@yandex.ru;Pascal
Dasha;WannaCyberpunk2077@yandex.ru;HTML
Nikita;goodMood@yandex.ru;Java
Andrey;WannaCyberpunk2077@yandex.ru;Python
Anastasia;Hollow@yandex.ru;Kotlin
Boris;goodMood@yandex.ru;C++
Dima;Andrew54@gmail.com;Objective C
Igor;Andrew54@gmail.com;C++
Dasha;Andrew54@gmail.com;C++
Alexandra;Andrew54@gmail.com;Lisp
Nikita;Hollow@yandex.ru;C
Dasha;WannaCyberpunk2077@yandex.ru;Java
Anastasia;Andrew54@gmail.com;Pascal
Alexandra;Lollypopx20@yandex.ru;HTML
Nikolai;goodMood@yandex.ru;HTML
Andrey;Rublick@mail.ru;Objective C
Dasha;Hollow@yandex.ru;HTML
Nikita;Lollypopx20@yandex.ru;C
Nikita;Rublick@mail.ru;Python
Alex;JavaProf2020@yandex.ru;Lisp
Alexandra;goodMood@yandex.ru;Python
Boris;Redund2020@mail.ru;C#
Andrey;Lot@gmail.com;Objective C
Nikita;WannaCyberpunk2077@yandex.ru;Objective C
Alexandra;WannaCyberpunk2077@yandex.ru;HTML
Alexandra;Andrew54@gmail.com;Objective C
Anastasia;Redund2020@mail.ru;Java
Alex;Redund2020@mail.ru;Lisp
Boris;goodMood@yandex.ru;Lisp
Igor;Lot@gmail.com;Lisp
Dasha;Lot@gmail.com;Kotlin
Nikita;Lot@gmail.com;Lisp
Dasha;goodMood@yandex.ru;Pascal
Dima;Sherlock_TOP@gmail.com;C++
Dasha;Hollow@yandex.ru;Objective C
Alexandra;Sherlock_TOP@gmail.com;Objective C
Anastasia;Redund2020@mail.ru;Objective C
Nikolai;Sherlock_TOP@gmail.com;Kotlin
Nikita;JavaProf2020@yandex.ru;C#
Alex;Hollow@yandex.ru;C
Boris;goodMood@yandex.ru;Kotlin
Dima;Rublick@mail.ru;Kotlin
Dima;Rublick@mail.ru;Java
Boris;Hollow@yandex.ru;Kotlin
Alexandra;Sherlock_TOP@gmail.com;Python
Dasha;JavaProf2020@yandex.ru;Kotlin
Dima;Redund2020@mail.ru;Pascal
Andrey;WannaCyberpunk2077@yandex.ru;HTML
Andrey;goodMood@yandex.ru;Python
Boris;JavaProf2020@yandex.ru;Pascal
Boris;Lot@gmail.com;Python
Andrey;Lot@gmail.com;C#
Dima;Rublick@mail.ru;Pascal
Nikita;Redund2020@mail.ru;Kotlin
Alex;WannaCyberpunk2077@yandex.ru;Pascal
Nikolai;Lot@gmail.com;C++
Dasha;Andrew54@gmail.com;C#
Boris;goodMood@yandex.ru;Java
Anastasia;Rublick@mail.ru;C#
Dima;Lollypopx20@yandex.ru;C#
Dima;Lollypopx20@yandex.ru;Objective C
Alexandra;JavaProf2020@yandex.ru;Python
Alexandra;WannaCyberpunk2077@yandex.ru;Java
Boris;Lot@gmail.com;Java
Dima;JavaProf2020@yandex.ru;Objective C
Andrey;Lollypopx20@yandex.ru;C#
Dima;Hollow@yandex.ru;Lisp
Anastasia;goodMood@yandex.ru;C#
Nikita;Redund2020@mail.ru;Pascal
Dima;Lollypopx20@yandex.ru;Pascal
Dima;Lollypopx20@yandex.ru;Java
Boris;goodMood@yandex.ru;C
Boris;Redund2020@mail.ru;Java
Dasha;JavaProf2020@yandex.ru;Objective C
Alex;goodMood@yandex.ru;C#
Nikita;Sherlock_TOP@gmail.com;Python
Dima;Redund2020@mail.ru;C++
Nikita;JavaProf2020@yandex.ru;Pascal
Alex;Lot@gmail.com;Pascal
Nikolai;WannaCyberpunk2077@yandex.ru;Objective C
Alex;Lollypopx20@yandex.ru;Objective C
Anastasia;WannaCyberpunk2077@yandex.ru;Java
Nikolai;JavaProf2020@yandex.ru;C#
Alexandra;JavaProf2020@yandex.ru;Lisp
Dasha;WannaCyberpunk2077@yandex.ru;Objective C
Igor;Lot@gmail.com;C#
Nikolai;Redund2020@mail.ru;Pascal
Anastasia;Andrew54@gmail.com;C++
Andrey;goodMood@yandex.ru;C
Anastasia;Andrew54@gmail.com;Lisp
Nikita;Redund2020@mail.ru;Lisp
Dasha;Hollow@yandex.ru;Java
Anastasia;goodMood@yandex.ru;Lisp
Anastasia;Lollypopx20@yandex.ru;Lisp
Nikolai;Andrew54@gmail.com;C++
Dima;goodMood@yandex.ru;C++
Boris;Lollypopx20@yandex.ru;C++
Dasha;Redund2020@mail.ru;C#
Nikita;Hollow@yandex.ru;C#
Nikolai;Hollow@yandex.ru;C#
Igor;Rublick@mail.ru;Objective C
Igor;Rublick@mail.ru;Pascal
Boris;Lollypopx20@yandex.ru;Java
Dasha;Lot@gmail.com;Objective C
Dasha;Rublick@mail.ru;C#
Anastasia;Andrew54@gmail.com;C
Nikita;WannaCyberpunk2077@yandex.ru;Kotlin
Igor;Andrew54@gmail.com;C#
Nikolai;Redund2020@mail.ru;Java
Anastasia;WannaCyberpunk2077@yandex.ru;HTML
Alexandra;Sherlock_TOP@gmail.com;Java
Dasha;goodMood@yandex.ru;Java
Boris;Andrew54@gmail.com;C#
Alex;JavaProf2020@yandex.ru;C++
Anastasia;Hollow@yandex.ru;Java
Alex;Andrew54@gmail.com;C
Andrey;goodMood@yandex.ru;Lisp
Boris;JavaProf2020@yandex.ru;Lisp
Nikita;Lot@gmail.com;C
Dima;Hollow@yandex.ru;HTML
Alexandra;Lollypopx20@yandex.ru;C#
Igor;JavaProf2020@yandex.ru;Java
Andrey;Hollow@yandex.ru;Java
Anastasia;Lollypopx20@yandex.ru;C++
Dasha;Sherlock_TOP@gmail.com;Java
Boris;WannaCyberpunk2077@yandex.ru;Objective C
Anastasia;goodMood@yandex.ru;Python
Nikolai;Lot@gmail.com;Objective C
Nikita;Andrew54@gmail.com;Objective C
Andrey;Rublick@mail.ru;C
Dasha;Andrew54@gmail.com;Kotlin
Andrey;Lot@gmail.com;Lisp
Nikolai;Redund2020@mail.ru;Python
Boris;Sherlock_TOP@gmail.com;C
Igor;Rublick@mail.ru;C
Dima;Redund2020@mail.ru;Lisp
Alexandra;WannaCyberpunk2077@yandex.ru;Lisp
Dasha;Lot@gmail.com;Pascal
Nikita;Andrew54@gmail.com;Kotlin
Nikolai;Lollypopx20@yandex.ru;HTML
Nikolai;goodMood@yandex.ru;Python
Igor;Sherlock_TOP@gmail.com;Lisp
Dasha;Rublick@mail.ru;Python
Alex;goodMood@yandex.ru;C++
Dasha;Rublick@mail.ru;C
Boris;Sherlock_TOP@gmail.com;Python
Alexandra;Lot@gmail.com;Kotlin
Nikolai;JavaProf2020@yandex.ru;Lisp
Dasha;Lot@gmail.com;Lisp
Nikolai;Lollypopx20@yandex.ru;C
Dima;Lot@gmail.com;C
Dasha;goodMood@yandex.ru;Python
Alex;Redund2020@mail.ru;C
Nikolai;Lot@gmail.com;Kotlin
Andrey;Andrew54@gmail.com;Lisp
Nikolai;JavaProf2020@yandex.ru;Python
Igor;goodMood@yandex.ru;Objective C
Nikolai;WannaCyberpunk2077@yandex.ru;C#
Anastasia;WannaCyberpunk2077@yandex.ru;C#
Boris;Lollypopx20@yandex.ru;Pascal
Anastasia;Redund2020@mail.ru;Lisp
Andrey;Andrew54@gmail.com;Pascal
Andrey;Lollypopx20@yandex.ru;C++
Boris;WannaCyberpunk2077@yandex.ru;C#
Dima;Rublick@mail.ru;HTML
Nikita;Rublick@mail.ru;Kotlin
Andrey;Andrew54@gmail.com;C++
Nikolai;WannaCyberpunk2077@yandex.ru;Java
Dasha;WannaCyberpunk2077@yandex.ru;C
Anastasia;Hollow@yandex.ru;Python
Dima;Redund2020@mail.ru;C#
Nikolai;WannaCyberpunk2077@yandex.ru;Pascal
Dima;WannaCyberpunk2077@yandex.ru;Lisp
Nikolai;JavaProf2020@yandex.ru;C++
Boris;Andrew54@gmail.com;Pascal
Dasha;JavaProf2020@yandex.ru;HTML
Dasha;JavaProf2020@yandex.ru;C++
Alex;Rublick@mail.ru;Lisp
Anastasia;Hollow@yandex.ru;C++
Boris;Hollow@yandex.ru;Java
Igor;WannaCyberpunk2077@yandex.ru;Objective C
Andrey;Redund2020@mail.ru;C++
Andrey;goodMood@yandex.ru;Objective C
Boris;Hollow@yandex.ru;C++
Dima;WannaCyberpunk2077@yandex.ru;Kotlin
Dima;Andrew54@gmail.com;HTML
Alex;goodMood@yandex.ru;Lisp
Alex;Redund2020@mail.ru;Pascal
Dasha;Rublick@mail.ru;C++
Dasha;Lollypopx20@yandex.ru;Lisp
Anastasia;Hollow@yandex.ru;Objective C
Boris;JavaProf2020@yandex.ru;Objective C
Alexandra;Sherlock_TOP@gmail.com;Pascal
Nikita;Redund2020@mail.ru;HTML
Dima;Lollypopx20@yandex.ru;C
Dasha;Rublick@mail.ru;HTML
Boris;Hollow@yandex.ru;HTML
Boris;Sherlock_TOP@gmail.com;Pascal
Dima;Andrew54@gmail.com;Python
Alexandra;Hollow@yandex.ru;C#
Nikolai;Lollypopx20@yandex.ru;Pascal
Alex;Redund2020@mail.ru;C#
Boris;JavaProf2020@yandex.ru;C++
Igor;WannaCyberpunk2077@yandex.ru;Python
Alexandra;Andrew54@gmail.com;HTML
Andrey;Lot@gmail.com;C
Nikita;goodMood@yandex.ru;Lisp
Dima;goodMood@yandex.ru;HTML
Nikita;Sherlock_TOP@gmail.com;Objective C
Alexandra;goodMood@yandex.ru;HTML
Nikolai;JavaProf2020@yandex.ru;HTML
Nikita;Rublick@mail.ru;Lisp
Boris;WannaCyberpunk2077@yandex.ru;Kotlin
Andrey;Andrew54@gmail.com;HTML
Alexandra;Hollow@yandex.ru;Java
Igor;JavaProf2020@yandex.ru;Objective C
Igor;JavaProf2020@yandex.ru;Pascal
Boris;goodMood@yandex.ru;HTML
Alexandra;Redund2020@mail.ru;HTML
Nikita;Andrew54@gmail.com;Python
Nikita;Lot@gmail.com;Objective C
Anastasia;Lollypopx20@yandex.ru;HTML
Andrey;Redund2020@mail.ru;Python
Alex;Lot@gmail.com;Kotlin
Igor;goodMood@yandex.ru;Lisp
Anastasia;JavaProf2020@yandex.ru;Kotlin
Boris;Lot@gmail.com;Kotlin
Nikita;Lollypopx20@yandex.ru;Kotlin
Nikita;Sherlock_TOP@gmail.com;Kotlin
Dima;Rublick@mail.ru;C++
Andrey;JavaProf2020@yandex.ru;HTML
Andrey;Lollypopx20@yandex.ru;Objective C
Igor;Andrew54@gmail.com;Java
Nikita;Andrew54@gmail.com;Lisp
Dima;JavaProf2020@yandex.ru;C
Nikita;WannaCyberpunk2077@yandex.ru;C
Dima;Sherlock_TOP@gmail.com;C
Dasha;Lollypopx20@yandex.ru;C#
Alex;Rublick@mail.ru;Pascal
Alex;Hollow@yandex.ru;Kotlin
Alex;Lollypopx20@yandex.ru;Lisp
Nikolai;Andrew54@gmail.com;C
Nikolai;JavaProf2020@yandex.ru;Objective C
Dasha;Hollow@yandex.ru;Pascal
Igor;Redund2020@mail.ru;Lisp
Dima;Andrew54@gmail.com;Java
Anastasia;Lollypopx20@yandex.ru;Kotlin
Nikita;Sherlock_TOP@gmail.com;C#
Dasha;Lot@gmail.com;C
Alex;JavaProf2020@yandex.ru;Objective C
Igor;Lollypopx20@yandex.ru;Pascal
Igor;Sherlock_TOP@gmail.com;C
Nikita;goodMood@yandex.ru;C#
Igor;Rublick@mail.ru;C#
Alexandra;Lot@gmail.com;C++
Anastasia;Lot@gmail.com;Kotlin
Alex;Hollow@yandex.ru;Objective C
Alex;Sherlock_TOP@gmail.com;Lisp
Dasha;Andrew54@gmail.com;HTML
Dima;goodMood@yandex.ru;Python
Anastasia;Redund2020@mail.ru;Python
Boris;Rublick@mail.ru;Java
Dima;Hollow@yandex.ru;Java
Anastasia;JavaProf2020@yandex.ru;Pascal
Anastasia;WannaCyberpunk2077@yandex.ru;Kotlin
Dasha;Hollow@yandex.ru;C
Alex;Redund2020@mail.ru;Kotlin
Boris;Rublick@mail.ru;C
Boris;Rublick@mail.ru;Kotlin
Dasha;Sherlock_TOP@gmail.com;Lisp
Boris;Sherlock_TOP@gmail.com;Kotlin
Boris;Andrew54@gmail.com;Kotlin
Andrey;Lollypopx20@yandex.ru;Kotlin
Dima;Andrew54@gmail.com;Lisp
Nikolai;Redund2020@mail.ru;Kotlin
Dima;Redund2020@mail.ru;Python
Alex;Sherlock_TOP@gmail.com;Python
Nikolai;Lot@gmail.com;C#
Nikita;Hollow@yandex.ru;Objective C
Alexandra;Redund2020@mail.ru;Java
Nikolai;Lot@gmail.com;Python
Dasha;Sherlock_TOP@gmail.com;C#
Alex;Lot@gmail.com;C++
Nikita;Redund2020@mail.ru;C#
Boris;Lot@gmail.com;Objective C
Nikolai;Lollypopx20@yandex.ru;Lisp
Alexandra;Lollypopx20@yandex.ru;C++
Igor;WannaCyberpunk2077@yandex.ru;C
Alexandra;Sherlock_TOP@gmail.com;HTML
Nikolai;Rublick@mail.ru;HTML
Andrey;Rublick@mail.ru;Kotlin
Nikita;WannaCyberpunk2077@yandex.ru;Lisp
Nikolai;Hollow@yandex.ru;C++
Boris;JavaProf2020@yandex.ru;C#
Dasha;Redund2020@mail.ru;Pascal
Nikita;JavaProf2020@yandex.ru;HTML
Igor;JavaProf2020@yandex.ru;C
Dima;Rublick@mail.ru;C
Dima;Hollow@yandex.ru;Objective C
Andrey;WannaCyberpunk2077@yandex.ru;C
Anastasia;Redund2020@mail.ru;Kotlin
Igor;WannaCyberpunk2077@yandex.ru;Java
Nikita;Andrew54@gmail.com;C
Nikolai;Rublick@mail.ru;Pascal
Nikita;Andrew54@gmail.com;Java
Dima;Sherlock_TOP@gmail.com;Objective C
Dima;goodMood@yandex.ru;C#
Boris;Rublick@mail.ru;Lisp
Dima;Sherlock_TOP@gmail.com;Python
Andrey;Rublick@mail.ru;HTML
Dasha;WannaCyberpunk2077@yandex.ru;Lisp
Boris;Redund2020@mail.ru;Lisp
Alex;goodMood@yandex.ru;Objective C
Anastasia;Lot@gmail.com;HTML
Anastasia;Rublick@mail.ru;Pascal
Andrey;Sherlock_TOP@gmail.com;C
Boris;WannaCyberpunk2077@yandex.ru;Python
Igor;Lot@gmail.com;C
Andrey;Sherlock_TOP@gmail.com;Lisp
Alexandra;Lot@gmail.com;HTML
Andrey;Lollypopx20@yandex.ru;Lisp
Igor;Rublick@mail.ru;C++
Alexandra;Rublick@mail.ru;Lisp
Dima;Andrew54@gmail.com;Pascal
Boris;Lollypopx20@yandex.ru;Python
Alexandra;Lot@gmail.com;Java
Alex;WannaCyberpunk2077@yandex.ru;C++
Nikolai;JavaProf2020@yandex.ru;Kotlin
Boris;Andrew54@gmail.com;Python
Nikolai;Sherlock_TOP@gmail.com;Objective C
Nikolai;Sherlock_TOP@gmail.com;C#
Nikita;Andrew54@gmail.com;Pascal
Alex;Lot@gmail.com;C#
Nikita;Lot@gmail.com;HTML
Alexandra;Lot@gmail.com;C#
Andrey;JavaProf2020@yandex.ru;Kotlin
Alex;Redund2020@mail.ru;Objective C
Dasha;WannaCyberpunk2077@yandex.ru;Pascal
Anastasia;Sherlock_TOP@gmail.com;Pascal
Anastasia;Hollow@yandex.ru;HTML
Anastasia;JavaProf2020@yandex.ru;C#
Igor;Redund2020@mail.ru;Objective C
Igor;WannaCyberpunk2077@yandex.ru;Lisp
Boris;goodMood@yandex.ru;Python
Andrey;Lot@gmail.com;Kotlin
Alexandra;JavaProf2020@yandex.ru;Java
Nikita;Hollow@yandex.ru;HTML
Andrey;Andrew54@gmail.com;C
Alexandra;Hollow@yandex.ru;Kotlin
Anastasia;Sherlock_TOP@gmail.com;Objective C
Boris;Redund2020@mail.ru;Pascal
Nikita;Lollypopx20@yandex.ru;HTML
Andrey;Hollow@yandex.ru;C
Boris;Lollypopx20@yandex.ru;C#
Anastasia;Sherlock_TOP@gmail.com;C
Nikita;goodMood@yandex.ru;C++
Anastasia;Rublick@mail.ru;C
Alexandra;Hollow@yandex.ru;C++
Igor;WannaCyberpunk2077@yandex.ru;HTML
Dima;Hollow@yandex.ru;C
Dasha;Redund2020@mail.ru;Lisp
Alexandra;Sherlock_TOP@gmail.com;Kotlin
Anastasia;Andrew54@gmail.com;Objective C
Anastasia;Redund2020@mail.ru;Pascal
Boris;Lot@gmail.com;C++
Anastasia;Sherlock_TOP@gmail.com;Kotlin
Nikita;Hollow@yandex.ru;Java
Nikita;Sherlock_TOP@gmail.com;Java
Dima;Hollow@yandex.ru;C#
Dima;Sherlock_TOP@gmail.com;C#
Andrey;Sherlock_TOP@gmail.com;HTML
Andrey;Lollypopx20@yandex.ru;Java
Alex;JavaProf2020@yandex.ru;HTML
Andrey;Lollypopx20@yandex.ru;HTML
Dasha;Andrew54@gmail.com;C
Nikita;Hollow@yandex.ru;Lisp
Boris;WannaCyberpunk2077@yandex.ru;Pascal
Igor;Andrew54@gmail.com;Pascal
Igor;Lollypopx20@yandex.ru;HTML
Nikita;Andrew54@gmail.com;C#
Dima;JavaProf2020@yandex.ru;Lisp
Dima;JavaProf2020@yandex.ru;C#
Boris;WannaCyberpunk2077@yandex.ru;HTML
Anastasia;Lot@gmail.com;C++
Boris;WannaCyberpunk2077@yandex.ru;C
Alex;Redund2020@mail.ru;HTML
Alexandra;Redund2020@mail.ru;C
Anastasia;goodMood@yandex.ru;HTML
Dima;Andrew54@gmail.com;C++
Nikolai;Sherlock_TOP@gmail.com;HTML
Boris;Andrew54@gmail.com;Java
Dasha;Redund2020@mail.ru;C
Nikolai;Sherlock_TOP@gmail.com;Pascal
Alex;Hollow@yandex.ru;C++
Dasha;Hollow@yandex.ru;Kotlin
Igor;Sherlock_TOP@gmail.com;Java
Boris;goodMood@yandex.ru;Objective C
Dasha;JavaProf2020@yandex.ru;Pascal
Igor;JavaProf2020@yandex.ru;Kotlin
Andrey;JavaProf2020@yandex.ru;C++
Anastasia;goodMood@yandex.ru;Pascal
Nikita;WannaCyberpunk2077@yandex.ru;Python
Alexandra;JavaProf2020@yandex.ru;Objective C
Anastasia;Hollow@yandex.ru;Lisp
Nikolai;Lollypopx20@yandex.ru;Objective C
Alexandra;Hollow@yandex.ru;Objective C
Dasha;goodMood@yandex.ru;HTML
Alexandra;Andrew54@gmail.com;Python
Nikita;JavaProf2020@yandex.ru;Objective C
Anastasia;WannaCyberpunk2077@yandex.ru;Objective C
Anastasia;WannaCyberpunk2077@yandex.ru;Python
Dima;Rublick@mail.ru;Python
Igor;Hollow@yandex.ru;Lisp
Andrey;Andrew54@gmail.com;Objective C
Dima;Lollypopx20@yandex.ru;Kotlin
Andrey;Rublick@mail.ru;Pascal
Dasha;Rublick@mail.ru;Java
Alexandra;goodMood@yandex.ru;C#
Alexandra;Lollypopx20@yandex.ru;Pascal
Nikolai;goodMood@yandex.ru;Pascal
Boris;JavaProf2020@yandex.ru;C
Dasha;goodMood@yandex.ru;C#
Boris;Hollow@yandex.ru;Pascal
Boris;Sherlock_TOP@gmail.com;C++
Nikolai;Hollow@yandex.ru;Kotlin
Alexandra;Sherlock_TOP@gmail.com;C
Dasha;Redund2020@mail.ru;C++
Anastasia;Lot@gmail.com;Objective C
Boris;Andrew54@gmail.com;HTML
Dima;WannaCyberpunk2077@yandex.ru;C++
Andrey;Redund2020@mail.ru;Objective C
Igor;Hollow@yandex.ru;Pascal
Dasha;Lollypopx20@yandex.ru;C++
Alex;Lot@gmail.com;Java
Nikolai;Andrew54@gmail.com;Python
Igor;Lot@gmail.com;HTML
Dasha;Andrew54@gmail.com;Pascal
Nikolai;Andrew54@gmail.com;Java
Anastasia;Sherlock_TOP@gmail.com;C++
Alex;goodMood@yandex.ru;Java
Alex;Rublick@mail.ru;C#
Anastasia;Redund2020@mail.ru;C#
Dasha;Rublick@mail.ru;Pascal
Igor;Lollypopx20@yandex.ru;Kotlin
Dasha;Andrew54@gmail.com;Lisp
Boris;Redund2020@mail.ru;C
Nikita;goodMood@yandex.ru;Python
Alexandra;Redund2020@mail.ru;Pascal
Nikita;Rublick@mail.ru;Java
Igor;goodMood@yandex.ru;HTML
Nikita;Lollypopx20@yandex.ru;Lisp
Alexandra;Lot@gmail.com;C
Alexandra;JavaProf2020@yandex.ru;Pascal
Anastasia;Rublick@mail.ru;Java
Alex;WannaCyberpunk2077@yandex.ru;HTML
Dima;Andrew54@gmail.com;Kotlin
Nikita;Sherlock_TOP@gmail.com;HTML
Nikolai;Redund2020@mail.ru;C++
Anastasia;Andrew54@gmail.com;Python
Andrey;goodMood@yandex.ru;Pascal
Igor;Hollow@yandex.ru;Java
Nikita;JavaProf2020@yandex.ru;Python
Dasha;Lot@gmail.com;HTML
Dasha;JavaProf2020@yandex.ru;C#
Alex;Sherlock_TOP@gmail.com;C++
Dima;Lot@gmail.com;Java
Nikolai;JavaProf2020@yandex.ru;C
Igor;JavaProf2020@yandex.ru;C++
Dima;JavaProf2020@yandex.ru;Pascal
Boris;Redund2020@mail.ru;Python
Andrey;JavaProf2020@yandex.ru;Objective C
Anastasia;JavaProf2020@yandex.ru;C++
Dima;JavaProf2020@yandex.ru;Kotlin
Nikita;Rublick@mail.ru;Objective C
Dasha;Redund2020@mail.ru;Java
Alex;Lot@gmail.com;HTML
Dima;WannaCyberpunk2077@yandex.ru;Python
Igor;goodMood@yandex.ru;Python
Alexandra;JavaProf2020@yandex.ru;C++
Alexandra;WannaCyberpunk2077@yandex.ru;Pascal
Igor;goodMood@yandex.ru;C
Dima;Lot@gmail.com;C++
Nikolai;Redund2020@mail.ru;Objective C
Anastasia;Hollow@yandex.ru;C
Dima;WannaCyberpunk2077@yandex.ru;HTML
Boris;Hollow@yandex.ru;C#
Andrey;Hollow@yandex.ru;Python
Dasha;goodMood@yandex.ru;Lisp
Nikita;Hollow@yandex.ru;Pascal
Igor;Redund2020@mail.ru;Python
Andrey;Sherlock_TOP@gmail.com;C#
Alexandra;Andrew54@gmail.com;Kotlin
Dasha;Lollypopx20@yandex.ru;Java
Alex;WannaCyberpunk2077@yandex.ru;C
Alexandra;Hollow@yandex.ru;Python
Anastasia;Hollow@yandex.ru;Pascal
Alexandra;Lot@gmail.com;Pascal
Andrey;Andrew54@gmail.com;Python
Dima;Sherlock_TOP@gmail.com;Pascal
Igor;Redund2020@mail.ru;Kotlin
Alex;Lot@gmail.com;Python
Dima;WannaCyberpunk2077@yandex.ru;Java
Nikolai;Hollow@yandex.ru;C
Andrey;Lot@gmail.com;Python
Boris;Lollypopx20@yandex.ru;Kotlin
Boris;Redund2020@mail.ru;HTML
Nikita;WannaCyberpunk2077@yandex.ru;C#
Alexandra;Lot@gmail.com;Python
Andrey;JavaProf2020@yandex.ru;Lisp
Igor;Sherlock_TOP@gmail.com;HTML
Nikolai;Hollow@yandex.ru;Python
Andrey;JavaProf2020@yandex.ru;Python
Andrey;Lollypopx20@yandex.ru;Python
Nikita;Andrew54@gmail.com;HTML
Dima;Sherlock_TOP@gmail.com;HTML
Nikolai;Lollypopx20@yandex.ru;Kotlin
Anastasia;WannaCyberpunk2077@yandex.ru;C++
Nikolai;goodMood@yandex.ru;Kotlin
Dima;Hollow@yandex.ru;Kotlin
Dima;goodMood@yandex.ru;Objective C
Dasha;JavaProf2020@yandex.ru;Java
Igor;Hollow@yandex.ru;Objective C
Dasha;JavaProf2020@yandex.ru;Python
Nikita;Lot@gmail.com;C++
