Boris;Rublick@mail.ru;89237653892
Alex;Redund2020@mail.ru;89605412298
Alexandra;Lollypopx20@yandex.ru;89137064428
Anastasia;WannaCyberpunk2077@yandex.ru;89605412298
Dasha;Rublick@mail.ru;89135667432
Nikolai;Sherlock_TOP@gmail.com;89137064428
Dasha;JavaProf2020@yandex.ru;89133409966
Alexandra;WannaCyberpunk2077@yandex.ru;89604432312
Dima;Hollow@yandex.ru;89135667432
Boris;WannaCyberpunk2077@yandex.ru;89135542332
Andrey;Lollypopx20@yandex.ru;89237653892
Boris;Lot@gmail.com;89605412298
Anastasia;Lollypopx20@yandex.ru;89137064428
Boris;goodMood@yandex.ru;89605412298
Anastasia;Hollow@yandex.ru;89137573198
Boris;Hollow@yandex.ru;89604432312
Andrey;Lot@gmail.com;89137064428
Dima;goodMood@yandex.ru;89604432312
Nikolai;Sherlock_TOP@gmail.com;89137759812
Nikolai;Hollow@yandex.ru;89604432312
Alexandra;Hollow@yandex.ru;89237653892
Nikita;Hollow@yandex.ru;89137759812
Alex;Sherlock_TOP@gmail.com;89137064428
Andrey;WannaCyberpunk2077@yandex.ru;89604432312
Dasha;Rublick@mail.ru;89137064428
Anastasia;Lollypopx20@yandex.ru;89137759812
Anastasia;Redund2020@mail.ru;89237653892
Boris;Rublick@mail.ru;89135667432
Boris;goodMood@yandex.ru;89604432312
Andrey;Andrew54@gmail.com;89604432312
Nikolai;Redund2020@mail.ru;89237653892
Alexandra;WannaCyberpunk2077@yandex.ru;89605412298
Nikolai;JavaProf2020@yandex.ru;343405665887
Igor;Sherlock_TOP@gmail.com;89133409966
Anastasia;goodMood@yandex.ru;89605412298
Nikolai;WannaCyberpunk2077@yandex.ru;89135542332
Dima;goodMood@yandex.ru;89135542332
Nikolai;JavaProf2020@yandex.ru;89237653892
Alex;Redund2020@mail.ru;89137759812
Nikolai;WannaCyberpunk2077@yandex.ru;89137064428
Nikita;Hollow@yandex.ru;89604432312
Boris;JavaProf2020@yandex.ru;89605412298
Andrey;Redund2020@mail.ru;89135667432
Dasha;Andrew54@gmail.com;89137759812
Alexandra;Redund2020@mail.ru;89137064428
Nikita;WannaCyberpunk2077@yandex.ru;89137064428
Anastasia;Redund2020@mail.ru;89137573198
Andrey;WannaCyberpunk2077@yandex.ru;89137064428
Nikita;Lollypopx20@yandex.ru;89135667432
Andrey;Sherlock_TOP@gmail.com;89133409966
Alex;JavaProf2020@yandex.ru;343405665887
Alex;Hollow@yandex.ru;343405665887
Boris;WannaCyberpunk2077@yandex.ru;343405665887
Nikita;Lot@gmail.com;89604432312
Anastasia;Redund2020@mail.ru;89137759812
Anastasia;JavaProf2020@yandex.ru;89135542332
Nikita;Lot@gmail.com;343405665887
Anastasia;Rublick@mail.ru;89137573198
Alex;Redund2020@mail.ru;89135667432
Nikolai;Andrew54@gmail.com;89137573198
Andrey;WannaCyberpunk2077@yandex.ru;89605412298
Boris;Redund2020@mail.ru;89133409966
Nikolai;Andrew54@gmail.com;89605412298
Nikolai;Sherlock_TOP@gmail.com;89237653892
Alex;Lot@gmail.com;89133409966
Andrey;WannaCyberpunk2077@yandex.ru;89133409966
Alex;Redund2020@mail.ru;89135542332
Nikita;Redund2020@mail.ru;89137759812
Dasha;WannaCyberpunk2077@yandex.ru;89137759812
Alex;Sherlock_TOP@gmail.com;89605412298
Nikita;Sherlock_TOP@gmail.com;89237653892
Nikita;goodMood@yandex.ru;89604432312
Dima;Lot@gmail.com;89604432312
Alex;Andrew54@gmail.com;89135542332
Boris;JavaProf2020@yandex.ru;89135542332
Igor;Redund2020@mail.ru;89135667432
Nikolai;Rublick@mail.ru;89135667432
Nikita;Sherlock_TOP@gmail.com;343405665887
Nikita;Hollow@yandex.ru;343405665887
Anastasia;Andrew54@gmail.com;343405665887
Dasha;Hollow@yandex.ru;89237653892
Boris;Sherlock_TOP@gmail.com;89604432312
Nikita;Lollypopx20@yandex.ru;343405665887
Alex;Rublick@mail.ru;89237653892
Boris;goodMood@yandex.ru;89133409966
Anastasia;Sherlock_TOP@gmail.com;89135667432
Alexandra;Sherlock_TOP@gmail.com;89137064428
Nikita;goodMood@yandex.ru;89135542332
Nikita;Sherlock_TOP@gmail.com;89135667432
Dima;Lot@gmail.com;89133409966
Nikita;Andrew54@gmail.com;343405665887
Anastasia;Lot@gmail.com;89237653892
Nikolai;Redund2020@mail.ru;89135542332
Dasha;Rublick@mail.ru;89237653892
Dasha;WannaCyberpunk2077@yandex.ru;89133409966
Dasha;Lot@gmail.com;89605412298
Dima;JavaProf2020@yandex.ru;89137759812
Nikita;Lollypopx20@yandex.ru;89133409966
Nikolai;Lollypopx20@yandex.ru;89135542332
Anastasia;goodMood@yandex.ru;89137064428
Nikolai;WannaCyberpunk2077@yandex.ru;89137759812
Andrey;Lollypopx20@yandex.ru;89604432312
Nikita;Lot@gmail.com;89137759812
Dasha;Rublick@mail.ru;89137573198
Nikita;Lot@gmail.com;89605412298
Dasha;Redund2020@mail.ru;89133409966
Alexandra;Redund2020@mail.ru;89237653892
Dasha;Andrew54@gmail.com;89137573198
Alex;Andrew54@gmail.com;89237653892
Alexandra;Rublick@mail.ru;343405665887
Alex;Hollow@yandex.ru;89137573198
Boris;Rublick@mail.ru;89137759812
Dasha;JavaProf2020@yandex.ru;89237653892
Nikita;WannaCyberpunk2077@yandex.ru;343405665887
Nikita;Rublick@mail.ru;89605412298
Alexandra;Andrew54@gmail.com;89137759812
Nikolai;Redund2020@mail.ru;89604432312
Alexandra;WannaCyberpunk2077@yandex.ru;89135542332
Nikolai;WannaCyberpunk2077@yandex.ru;89237653892
Nikolai;goodMood@yandex.ru;89137064428
Alexandra;Sherlock_TOP@gmail.com;89135542332
Nikita;Redund2020@mail.ru;89605412298
Nikita;Hollow@yandex.ru;89137064428
Boris;goodMood@yandex.ru;89135667432
Dasha;Sherlock_TOP@gmail.com;89137759812
Nikolai;Rublick@mail.ru;89605412298
Alex;Sherlock_TOP@gmail.com;89237653892
Boris;WannaCyberpunk2077@yandex.ru;89237653892
Igor;Hollow@yandex.ru;89237653892
Anastasia;goodMood@yandex.ru;89237653892
Anastasia;Hollow@yandex.ru;89133409966
Alex;Sherlock_TOP@gmail.com;89133409966
Alexandra;Hollow@yandex.ru;89137759812
Nikita;Lollypopx20@yandex.ru;89137573198
Dima;Hollow@yandex.ru;89135542332
Dima;Lollypopx20@yandex.ru;89237653892
Andrey;Rublick@mail.ru;89135542332
Dima;WannaCyberpunk2077@yandex.ru;89135542332
Alex;WannaCyberpunk2077@yandex.ru;89137064428
Anastasia;Andrew54@gmail.com;89137759812
Nikita;goodMood@yandex.ru;89137759812
Dasha;WannaCyberpunk2077@yandex.ru;89604432312
Alexandra;Rublick@mail.ru;89137064428
Igor;Redund2020@mail.ru;89604432312
Anastasia;Hollow@yandex.ru;89135542332
Alex;WannaCyberpunk2077@yandex.ru;89135542332
Nikita;Lollypopx20@yandex.ru;89605412298
Dasha;goodMood@yandex.ru;89137759812
Nikita;Hollow@yandex.ru;89605412298
Alexandra;WannaCyberpunk2077@yandex.ru;89137064428
Alex;Lollypopx20@yandex.ru;89135542332
Anastasia;Sherlock_TOP@gmail.com;89133409966
Dima;Lot@gmail.com;89137573198
Nikolai;JavaProf2020@yandex.ru;89135667432
Nikolai;WannaCyberpunk2077@yandex.ru;89135667432
Alex;Sherlock_TOP@gmail.com;343405665887
Alexandra;JavaProf2020@yandex.ru;89137064428
Nikita;Lot@gmail.com;89135542332
Dima;Sherlock_TOP@gmail.com;89135667432
Boris;Lot@gmail.com;343405665887
Dima;Rublick@mail.ru;89137573198
Anastasia;Lot@gmail.com;89137064428
Dima;Lollypopx20@yandex.ru;89135542332
Dima;Lot@gmail.com;89137064428
Nikita;Lollypopx20@yandex.ru;89135542332
Boris;Redund2020@mail.ru;89605412298
Andrey;Andrew54@gmail.com;89137759812
Boris;Hollow@yandex.ru;89237653892
Alex;Sherlock_TOP@gmail.com;89137759812
Igor;Sherlock_TOP@gmail.com;89135667432
Anastasia;Sherlock_TOP@gmail.com;89237653892
Igor;JavaProf2020@yandex.ru;89237653892
Igor;Rublick@mail.ru;89605412298
Nikita;Andrew54@gmail.com;89137759812
Dasha;Lot@gmail.com;89137064428
Anastasia;Redund2020@mail.ru;89605412298
Nikita;WannaCyberpunk2077@yandex.ru;89604432312
Boris;Sherlock_TOP@gmail.com;89605412298
Alexandra;JavaProf2020@yandex.ru;89137573198
Alex;Rublick@mail.ru;89137573198
Igor;Lollypopx20@yandex.ru;89135542332
Boris;Redund2020@mail.ru;343405665887
Alex;Lot@gmail.com;89605412298
Alexandra;Lollypopx20@yandex.ru;89137573198
Alex;Lot@gmail.com;89135667432
Dasha;Redund2020@mail.ru;89135667432
Dima;Redund2020@mail.ru;89137573198
Alex;Hollow@yandex.ru;89604432312
Andrey;JavaProf2020@yandex.ru;89137759812
Igor;Lot@gmail.com;89135667432
Alex;goodMood@yandex.ru;89137759812
Igor;goodMood@yandex.ru;89137064428
Anastasia;Rublick@mail.ru;89135667432
Andrey;Redund2020@mail.ru;89133409966
Boris;Lollypopx20@yandex.ru;89137573198
Dasha;Lollypopx20@yandex.ru;89135667432
Nikita;Redund2020@mail.ru;89135667432
Andrey;Lot@gmail.com;89135667432
Alexandra;Hollow@yandex.ru;89133409966
Alex;Rublick@mail.ru;89605412298
Dima;Rublick@mail.ru;89137759812
Dasha;JavaProf2020@yandex.ru;89604432312
Andrey;Andrew54@gmail.com;89605412298
Dasha;Lot@gmail.com;89604432312
Alex;Redund2020@mail.ru;89604432312
Nikita;JavaProf2020@yandex.ru;89604432312
Alexandra;WannaCyberpunk2077@yandex.ru;89137759812
Andrey;Hollow@yandex.ru;89604432312
Nikolai;goodMood@yandex.ru;89137759812
Alex;Lollypopx20@yandex.ru;89605412298
Dasha;goodMood@yandex.ru;89137573198
Alex;WannaCyberpunk2077@yandex.ru;89137759812
Anastasia;Andrew54@gmail.com;89137573198
Dasha;Sherlock_TOP@gmail.com;89605412298
Nikita;JavaProf2020@yandex.ru;89137759812
Nikita;JavaProf2020@yandex.ru;89237653892
Nikita;Rublick@mail.ru;89135667432
Boris;Sherlock_TOP@gmail.com;89237653892
Alex;Andrew54@gmail.com;89137064428
Nikolai;JavaProf2020@yandex.ru;89133409966
Igor;Andrew54@gmail.com;89137064428
Dasha;Lollypopx20@yandex.ru;89137064428
Igor;Rublick@mail.ru;89133409966
Dima;Rublick@mail.ru;89604432312
Dima;Lollypopx20@yandex.ru;89133409966
Dima;Hollow@yandex.ru;343405665887
Igor;WannaCyberpunk2077@yandex.ru;89137573198
Dasha;Redund2020@mail.ru;89604432312
Alexandra;WannaCyberpunk2077@yandex.ru;89237653892
Nikita;Andrew54@gmail.com;89237653892
Andrey;Sherlock_TOP@gmail.com;89605412298
Dasha;goodMood@yandex.ru;89604432312
Boris;Lollypopx20@yandex.ru;89135542332
Andrey;Lollypopx20@yandex.ru;343405665887
Alex;JavaProf2020@yandex.ru;89137064428
Boris;Lot@gmail.com;89137759812
Alexandra;goodMood@yandex.ru;89135542332
Nikolai;Redund2020@mail.ru;89137573198
Nikita;Andrew54@gmail.com;89135667432
Nikita;Redund2020@mail.ru;89135542332
Andrey;Rublick@mail.ru;89137064428
Alex;Lollypopx20@yandex.ru;89135667432
Nikolai;Hollow@yandex.ru;89135667432
Nikolai;Lot@gmail.com;89135542332
Alexandra;Lot@gmail.com;89135667432
Igor;Andrew54@gmail.com;89133409966
Alexandra;Redund2020@mail.ru;89137759812
Andrey;goodMood@yandex.ru;343405665887
Alex;Sherlock_TOP@gmail.com;89137573198
Dasha;Rublick@mail.ru;343405665887
Alex;Lollypopx20@yandex.ru;343405665887
Anastasia;Lot@gmail.com;89135667432
Igor;WannaCyberpunk2077@yandex.ru;89237653892
Anastasia;Lot@gmail.com;89137759812
Nikolai;Hollow@yandex.ru;89133409966
Andrey;JavaProf2020@yandex.ru;89237653892
Nikolai;Lot@gmail.com;89135667432
Andrey;Rublick@mail.ru;89237653892
Andrey;goodMood@yandex.ru;89133409966
Boris;goodMood@yandex.ru;89137573198
Alexandra;WannaCyberpunk2077@yandex.ru;89137573198
Boris;WannaCyberpunk2077@yandex.ru;89605412298
Dima;Andrew54@gmail.com;343405665887
Igor;JavaProf2020@yandex.ru;343405665887
Boris;Hollow@yandex.ru;343405665887
Igor;Redund2020@mail.ru;343405665887
Nikita;Rublick@mail.ru;89237653892
Andrey;JavaProf2020@yandex.ru;89133409966
Nikita;Sherlock_TOP@gmail.com;89133409966
Alex;Lollypopx20@yandex.ru;89137064428
Alexandra;Hollow@yandex.ru;89135667432
Igor;Hollow@yandex.ru;89137573198
Igor;Lollypopx20@yandex.ru;89133409966
Boris;Rublick@mail.ru;89133409966
Boris;Lot@gmail.com;89135542332
Dasha;Sherlock_TOP@gmail.com;89137064428
Alexandra;Hollow@yandex.ru;89604432312
Igor;Rublick@mail.ru;89604432312
Anastasia;Redund2020@mail.ru;89135542332
Nikita;JavaProf2020@yandex.ru;89135667432
Anastasia;Hollow@yandex.ru;89605412298
Alex;goodMood@yandex.ru;343405665887
Andrey;Sherlock_TOP@gmail.com;89135667432
Andrey;Lot@gmail.com;89604432312
Alex;Hollow@yandex.ru;89135542332
Dima;Hollow@yandex.ru;89237653892
Dasha;Lot@gmail.com;89137573198
Nikita;Hollow@yandex.ru;89135667432
Anastasia;WannaCyberpunk2077@yandex.ru;89604432312
Andrey;Hollow@yandex.ru;89605412298
Nikolai;Rublick@mail.ru;89133409966
Alex;Andrew54@gmail.com;89133409966
Nikolai;Lot@gmail.com;89604432312
Dasha;Hollow@yandex.ru;89604432312
Alexandra;Lot@gmail.com;89605412298
Igor;JavaProf2020@yandex.ru;89135667432
Anastasia;Andrew54@gmail.com;89135667432
Anastasia;Sherlock_TOP@gmail.com;89604432312
Igor;Redund2020@mail.ru;89133409966
Igor;Lot@gmail.com;89237653892
Anastasia;goodMood@yandex.ru;89137759812
Anastasia;Andrew54@gmail.com;89237653892
Dima;Redund2020@mail.ru;89137759812
Dasha;Redund2020@mail.ru;89237653892
Andrey;Hollow@yandex.ru;89135667432
Dima;Lollypopx20@yandex.ru;89137759812
Andrey;goodMood@yandex.ru;89137064428
Anastasia;Lollypopx20@yandex.ru;89137573198
Alexandra;Rublick@mail.ru;89135667432
Dima;Sherlock_TOP@gmail.com;89605412298
Alexandra;JavaProf2020@yandex.ru;89237653892
Alexandra;Lollypopx20@yandex.ru;89604432312
Nikolai;Lollypopx20@yandex.ru;89137759812
Andrey;Hollow@yandex.ru;89137573198
Anastasia;JavaProf2020@yandex.ru;89237653892
Igor;Andrew54@gmail.com;89605412298
Dasha;Lot@gmail.com;343405665887
Alexandra;Redund2020@mail.ru;89133409966
Dasha;Lollypopx20@yandex.ru;89133409966
Igor;Redund2020@mail.ru;89137759812
Dasha;Hollow@yandex.ru;89135542332
Dima;Lot@gmail.com;89137759812
Dima;WannaCyberpunk2077@yandex.ru;89604432312
Alex;WannaCyberpunk2077@yandex.ru;89605412298
Dima;Sherlock_TOP@gmail.com;89137573198
Boris;Lollypopx20@yandex.ru;343405665887
Anastasia;Lollypopx20@yandex.ru;89135542332
Alex;JavaProf2020@yandex.ru;89605412298
Igor;goodMood@yandex.ru;89604432312
Dasha;JavaProf2020@yandex.ru;89137573198
Alex;Rublick@mail.ru;343405665887
Anastasia;Lot@gmail.com;89135542332
Boris;Lot@gmail.com;89604432312
Alex;Redund2020@mail.ru;343405665887
Alex;Sherlock_TOP@gmail.com;89604432312
Boris;JavaProf2020@yandex.ru;89604432312
Dima;Sherlock_TOP@gmail.com;89604432312
Alex;Redund2020@mail.ru;89133409966
Dima;Lot@gmail.com;89237653892
Anastasia;goodMood@yandex.ru;89133409966
Nikolai;JavaProf2020@yandex.ru;89137759812
Dasha;Hollow@yandex.ru;89137573198
Dima;JavaProf2020@yandex.ru;89605412298
Nikita;WannaCyberpunk2077@yandex.ru;89605412298
Dasha;Lot@gmail.com;89137759812
Anastasia;Redund2020@mail.ru;89133409966
Nikolai;Andrew54@gmail.com;343405665887
Dasha;Andrew54@gmail.com;89605412298
Anastasia;Andrew54@gmail.com;89135542332
Alex;JavaProf2020@yandex.ru;89135667432
Igor;Andrew54@gmail.com;343405665887
Andrey;Hollow@yandex.ru;89237653892
Anastasia;WannaCyberpunk2077@yandex.ru;89135667432
Andrey;WannaCyberpunk2077@yandex.ru;89135542332
Dasha;Redund2020@mail.ru;343405665887
Dima;Lot@gmail.com;343405665887
Dasha;Hollow@yandex.ru;89605412298
Igor;goodMood@yandex.ru;89137573198
Boris;WannaCyberpunk2077@yandex.ru;89133409966
Igor;goodMood@yandex.ru;343405665887
Alex;Sherlock_TOP@gmail.com;89135667432
Alex;Andrew54@gmail.com;343405665887
Nikita;JavaProf2020@yandex.ru;89137573198
Anastasia;Lollypopx20@yandex.ru;343405665887
Igor;Lot@gmail.com;89137759812
Alexandra;Sherlock_TOP@gmail.com;89133409966
Igor;Rublick@mail.ru;89137573198
Nikolai;Redund2020@mail.ru;343405665887
Alexandra;Sherlock_TOP@gmail.com;89137573198
Dasha;Sherlock_TOP@gmail.com;89135542332
Anastasia;Redund2020@mail.ru;89135667432
Dasha;Hollow@yandex.ru;343405665887
Igor;Rublick@mail.ru;89135667432
Igor;Hollow@yandex.ru;343405665887
Dima;Sherlock_TOP@gmail.com;89135542332
Anastasia;Hollow@yandex.ru;89237653892
Andrey;goodMood@yandex.ru;89237653892
Alexandra;goodMood@yandex.ru;89604432312
Nikolai;Andrew54@gmail.com;89237653892
Nikolai;goodMood@yandex.ru;89135542332
Andrey;Hollow@yandex.ru;89135542332
Nikolai;Andrew54@gmail.com;89133409966
Anastasia;Andrew54@gmail.com;89137064428
Dima;goodMood@yandex.ru;89237653892
Andrey;Lollypopx20@yandex.ru;89135667432
Alexandra;Sherlock_TOP@gmail.com;89237653892
Dima;Sherlock_TOP@gmail.com;89137759812
Dasha;Lollypopx20@yandex.ru;89237653892
Dasha;WannaCyberpunk2077@yandex.ru;89237653892
Andrey;Sherlock_TOP@gmail.com;89604432312
Alexandra;Lollypopx20@yandex.ru;89135542332
Dasha;Andrew54@gmail.com;89133409966
Boris;JavaProf2020@yandex.ru;343405665887
Nikita;Lot@gmail.com;89133409966
Anastasia;Lollypopx20@yandex.ru;89135667432
Andrey;Lot@gmail.com;89135542332
Boris;Hollow@yandex.ru;89133409966
Andrey;goodMood@yandex.ru;89605412298
Nikita;WannaCyberpunk2077@yandex.ru;89237653892
Boris;Andrew54@gmail.com;89137573198
Igor;Lollypopx20@yandex.ru;89137759812
Anastasia;Lot@gmail.com;89137573198
Nikolai;Lollypopx20@yandex.ru;89605412298
Nikolai;goodMood@yandex.ru;343405665887
Anastasia;WannaCyberpunk2077@yandex.ru;343405665887
Andrey;Lot@gmail.com;89133409966
Nikita;Redund2020@mail.ru;89137064428
Igor;Lollypopx20@yandex.ru;89605412298
Anastasia;Lot@gmail.com;89133409966
Nikita;Lot@gmail.com;89237653892
Boris;Andrew54@gmail.com;89604432312
Dasha;Lollypopx20@yandex.ru;89605412298
Dima;goodMood@yandex.ru;343405665887
Boris;Andrew54@gmail.com;89133409966
Igor;Redund2020@mail.ru;89135542332
Boris;Hollow@yandex.ru;89137064428
Alexandra;Rublick@mail.ru;89133409966
Anastasia;Rublick@mail.ru;89604432312
Alexandra;JavaProf2020@yandex.ru;343405665887
Alexandra;Andrew54@gmail.com;89604432312
Igor;JavaProf2020@yandex.ru;89137759812
Igor;Rublick@mail.ru;89137759812
Andrey;Redund2020@mail.ru;343405665887
Nikita;goodMood@yandex.ru;89137064428
Dasha;JavaProf2020@yandex.ru;89135667432
Alexandra;Rublick@mail.ru;89237653892
Alex;Andrew54@gmail.com;89137573198
Boris;Redund2020@mail.ru;89137759812
Nikolai;JavaProf2020@yandex.ru;89137573198
Dasha;Lollypopx20@yandex.ru;89604432312
Alex;WannaCyberpunk2077@yandex.ru;89137573198
Anastasia;Rublick@mail.ru;343405665887
Anastasia;Andrew54@gmail.com;89605412298
Igor;WannaCyberpunk2077@yandex.ru;89137759812
Igor;Sherlock_TOP@gmail.com;89137759812
Anastasia;Rublick@mail.ru;89135542332
Alex;Lollypopx20@yandex.ru;89237653892
Nikolai;Redund2020@mail.ru;89137064428
Dima;WannaCyberpunk2077@yandex.ru;89135667432
Andrey;WannaCyberpunk2077@yandex.ru;343405665887
Dasha;Redund2020@mail.ru;89137573198
Anastasia;Lot@gmail.com;89605412298
Igor;Hollow@yandex.ru;89135667432
Anastasia;Hollow@yandex.ru;89604432312
Alexandra;Lot@gmail.com;89133409966
Nikita;Lollypopx20@yandex.ru;89137759812
Nikolai;WannaCyberpunk2077@yandex.ru;89133409966
Dasha;Lot@gmail.com;89133409966
Alex;goodMood@yandex.ru;89133409966
Dima;Redund2020@mail.ru;89135667432
Igor;goodMood@yandex.ru;89605412298
Igor;Sherlock_TOP@gmail.com;343405665887
Dasha;WannaCyberpunk2077@yandex.ru;89605412298
Nikolai;Andrew54@gmail.com;89604432312
Dasha;Rublick@mail.ru;89133409966
Anastasia;Rublick@mail.ru;89133409966
Alex;goodMood@yandex.ru;89135542332
Dima;Lot@gmail.com;89135542332
Andrey;Lot@gmail.com;89137759812
Nikolai;Andrew54@gmail.com;89137759812
Dima;Andrew54@gmail.com;89135667432
Alex;goodMood@yandex.ru;89135667432
Nikita;Sherlock_TOP@gmail.com;89604432312
Alexandra;Andrew54@gmail.com;89237653892
Nikolai;Lot@gmail.com;343405665887
Igor;WannaCyberpunk2077@yandex.ru;89605412298
Dima;Lollypopx20@yandex.ru;89137573198
Alex;Lot@gmail.com;89137064428
Alexandra;Redund2020@mail.ru;89605412298
Dima;Andrew54@gmail.com;89237653892
Dima;Andrew54@gmail.com;89137573198
Alexandra;Lot@gmail.com;89135542332
Alexandra;WannaCyberpunk2077@yandex.ru;89133409966
Nikolai;Rublick@mail.ru;89137759812
Anastasia;Redund2020@mail.ru;89604432312
Andrey;Lot@gmail.com;343405665887
Nikita;Lot@gmail.com;89137064428
Boris;Andrew54@gmail.com;89137064428
Anastasia;Lollypopx20@yandex.ru;89133409966
Anastasia;Sherlock_TOP@gmail.com;89605412298
Boris;JavaProf2020@yandex.ru;89133409966
Dasha;Hollow@yandex.ru;89137064428
Dima;Andrew54@gmail.com;89133409966
Alexandra;goodMood@yandex.ru;89237653892
Dima;Andrew54@gmail.com;89604432312
Boris;Hollow@yandex.ru;89135542332
Dasha;Hollow@yandex.ru;89133409966
Alex;Lot@gmail.com;89137573198
Igor;JavaProf2020@yandex.ru;89604432312
Igor;goodMood@yandex.ru;89237653892
Nikolai;WannaCyberpunk2077@yandex.ru;89604432312
Dasha;Lollypopx20@yandex.ru;89137759812
Dima;goodMood@yandex.ru;89137759812
Boris;Lot@gmail.com;89135667432
Dima;Lollypopx20@yandex.ru;89137064428
Dima;Lollypopx20@yandex.ru;89135667432
Nikolai;Lollypopx20@yandex.ru;89604432312
Nikolai;Lollypopx20@yandex.ru;89133409966
Alex;JavaProf2020@yandex.ru;89137759812
Nikita;Rublick@mail.ru;89604432312
Anastasia;Hollow@yandex.ru;89135667432
Alexandra;Lot@gmail.com;89604432312
Alexandra;goodMood@yandex.ru;89605412298
Alex;Andrew54@gmail.com;89605412298
Igor;Sherlock_TOP@gmail.com;89137064428
Dasha;Lollypopx20@yandex.ru;343405665887
Alexandra;Hollow@yandex.ru;343405665887
Igor;Hollow@yandex.ru;89133409966
Anastasia;goodMood@yandex.ru;89135542332
Igor;Lollypopx20@yandex.ru;89135667432
Andrey;Rublick@mail.ru;89605412298
Alexandra;Andrew54@gmail.com;343405665887
Dima;Rublick@mail.ru;89137064428
Anastasia;Lot@gmail.com;89604432312
Boris;Lollypopx20@yandex.ru;89605412298
Igor;Hollow@yandex.ru;89137064428
Igor;WannaCyberpunk2077@yandex.ru;89137064428
Boris;Lollypopx20@yandex.ru;89137759812
Andrey;Andrew54@gmail.com;89135542332
Boris;Andrew54@gmail.com;89137759812
Dima;JavaProf2020@yandex.ru;89137573198
Dima;Hollow@yandex.ru;89137064428
Nikolai;goodMood@yandex.ru;89605412298
Alexandra;JavaProf2020@yandex.ru;89137759812
Boris;Lollypopx20@yandex.ru;89137064428
Alexandra;Lot@gmail.com;89137064428
Andrey;Rublick@mail.ru;89135667432
Nikita;Lollypopx20@yandex.ru;89137064428
Boris;JavaProf2020@yandex.ru;89137064428
Igor;JavaProf2020@yandex.ru;89137573198
Dima;WannaCyberpunk2077@yandex.ru;89133409966
Nikita;goodMood@yandex.ru;89137573198
Andrey;Redund2020@mail.ru;89137064428
Alexandra;Sherlock_TOP@gmail.com;89604432312
Anastasia;Hollow@yandex.ru;89137759812
Nikolai;WannaCyberpunk2077@yandex.ru;89137573198
Alexandra;JavaProf2020@yandex.ru;89135667432
Dima;Lot@gmail.com;89135667432
Alexandra;Lollypopx20@yandex.ru;89137759812
Andrey;WannaCyberpunk2077@yandex.ru;89135667432
Boris;Sherlock_TOP@gmail.com;89133409966
Anastasia;Redund2020@mail.ru;89137064428
Nikita;Rublick@mail.ru;89137759812
Boris;Lot@gmail.com;89137064428
Nikolai;Redund2020@mail.ru;89137759812
Alex;Rublick@mail.ru;89604432312
Alexandra;JavaProf2020@yandex.ru;89133409966
Nikolai;Lot@gmail.com;89133409966
Nikolai;goodMood@yandex.ru;89133409966
Boris;Andrew54@gmail.com;343405665887
Nikita;WannaCyberpunk2077@yandex.ru;89137573198
Dima;Andrew54@gmail.com;89137064428
Alex;Lot@gmail.com;343405665887
Igor;Lot@gmail.com;89137064428
Alex;JavaProf2020@yandex.ru;89137573198
Dima;Andrew54@gmail.com;89137759812
Dima;WannaCyberpunk2077@yandex.ru;89237653892
Igor;WannaCyberpunk2077@yandex.ru;89135542332
Nikolai;Hollow@yandex.ru;343405665887
Nikolai;Lollypopx20@yandex.ru;343405665887
Alex;Lollypopx20@yandex.ru;89137573198
Dasha;Rublick@mail.ru;89604432312
Igor;Sherlock_TOP@gmail.com;89605412298
Andrey;Rublick@mail.ru;89133409966
Igor;Hollow@yandex.ru;89604432312
Alexandra;Lot@gmail.com;89137573198
Anastasia;Sherlock_TOP@gmail.com;89137573198
Boris;Rublick@mail.ru;89137064428
Nikita;Andrew54@gmail.com;89137064428
Anastasia;Rublick@mail.ru;89237653892
Nikolai;Lot@gmail.com;89605412298
Alexandra;Andrew54@gmail.com;89605412298
Alexandra;Lot@gmail.com;343405665887
Boris;Sherlock_TOP@gmail.com;89137759812
Andrey;Hollow@yandex.ru;89133409966
Nikita;JavaProf2020@yandex.ru;89605412298
Alexandra;Rublick@mail.ru;89604432312
Igor;Lot@gmail.com;89135542332
Dima;WannaCyberpunk2077@yandex.ru;343405665887
Andrey;Redund2020@mail.ru;89137759812
Andrey;Hollow@yandex.ru;89137064428
Andrey;Redund2020@mail.ru;89137573198
Dima;Lollypopx20@yandex.ru;343405665887
Boris;goodMood@yandex.ru;343405665887
Boris;Redund2020@mail.ru;89135667432
Alexandra;goodMood@yandex.ru;89137759812
Andrey;Andrew54@gmail.com;89137573198
Andrey;JavaProf2020@yandex.ru;89135542332
Alexandra;goodMood@yandex.ru;89135667432
Dasha;WannaCyberpunk2077@yandex.ru;89137064428
Alexandra;goodMood@yandex.ru;89133409966
Alex;goodMood@yandex.ru;89137573198
Igor;Andrew54@gmail.com;89135542332
Boris;WannaCyberpunk2077@yandex.ru;89135667432
Nikolai;JavaProf2020@yandex.ru;89137064428
Nikita;JavaProf2020@yandex.ru;89135542332
Nikita;goodMood@yandex.ru;89133409966
Andrey;Sherlock_TOP@gmail.com;343405665887
Dasha;Andrew54@gmail.com;89135667432
Dasha;Andrew54@gmail.com;89604432312
Alex;Lot@gmail.com;89137759812
Alex;Redund2020@mail.ru;89137064428
Alex;Rublick@mail.ru;89137064428
Dima;JavaProf2020@yandex.ru;89237653892
Alex;goodMood@yandex.ru;89137064428
Alex;Lollypopx20@yandex.ru;89604432312
Nikita;Sherlock_TOP@gmail.com;89135542332
Nikita;Redund2020@mail.ru;343405665887
Igor;Redund2020@mail.ru;89605412298
Boris;Redund2020@mail.ru;89137573198
Alex;WannaCyberpunk2077@yandex.ru;89133409966
Alex;Hollow@yandex.ru;89135667432
Dasha;Lollypopx20@yandex.ru;89137573198
Nikolai;goodMood@yandex.ru;89604432312
Igor;JavaProf2020@yandex.ru;89605412298
Alex;WannaCyberpunk2077@yandex.ru;89237653892
Boris;Rublick@mail.ru;89605412298
Andrey;Lollypopx20@yandex.ru;89605412298
Dima;goodMood@yandex.ru;89133409966
Andrey;WannaCyberpunk2077@yandex.ru;89137573198
Alex;Rublick@mail.ru;89137759812
Dima;Sherlock_TOP@gmail.com;89137064428
Boris;Lollypopx20@yandex.ru;89604432312
Dima;Hollow@yandex.ru;89604432312
Boris;goodMood@yandex.ru;89237653892
Igor;Lollypopx20@yandex.ru;89237653892
Igor;Redund2020@mail.ru;89137573198
Nikita;WannaCyberpunk2077@yandex.ru;89135542332
Igor;Rublick@mail.ru;89135542332
Dasha;Sherlock_TOP@gmail.com;89137573198
Boris;Sherlock_TOP@gmail.com;89137064428
Alexandra;Rublick@mail.ru;89605412298
Nikita;Hollow@yandex.ru;89135542332
Dima;JavaProf2020@yandex.ru;89137064428
Andrey;JavaProf2020@yandex.ru;89604432312
Nikita;goodMood@yandex.ru;89135667432
Nikolai;Redund2020@mail.ru;89605412298
Dasha;Redund2020@mail.ru;89137064428
Dima;JavaProf2020@yandex.ru;343405665887
Anastasia;goodMood@yandex.ru;89135667432
Alexandra;Sherlock_TOP@gmail.com;89135667432
Dasha;goodMood@yandex.ru;89133409966
Igor;Lollypopx20@yandex.ru;89137064428
Alex;WannaCyberpunk2077@yandex.ru;89604432312
Dasha;Sherlock_TOP@gmail.com;343405665887
Dima;Hollow@yandex.ru;89605412298
Andrey;Redund2020@mail.ru;89605412298
Igor;Redund2020@mail.ru;89137064428
Boris;JavaProf2020@yandex.ru;89137759812
Alexandra;Rublick@mail.ru;89137759812
Anastasia;Redund2020@mail.ru;343405665887
Nikolai;Redund2020@mail.ru;89135667432
Nikolai;JavaProf2020@yandex.ru;89605412298
Andrey;JavaProf2020@yandex.ru;89605412298
Anastasia;Sherlock_TOP@gmail.com;89135542332
Dima;Rublick@mail.ru;89135542332
Dasha;goodMood@yandex.ru;89605412298
Alex;goodMood@yandex.ru;89604432312
Nikolai;Lot@gmail.com;89137064428
Nikita;Andrew54@gmail.com;89135542332
Alex;Lot@gmail.com;89604432312
Alexandra;JavaProf2020@yandex.ru;89605412298
Alex;Hollow@yandex.ru;89137064428
Andrey;JavaProf2020@yandex.ru;89135667432
Andrey;goodMood@yandex.ru;89135542332
Andrey;Hollow@yandex.ru;343405665887
Nikita;Rublick@mail.ru;89137064428
Andrey;Lot@gmail.com;89605412298
Igor;Sherlock_TOP@gmail.com;89237653892
Boris;Sherlock_TOP@gmail.com;89135667432
Igor;Andrew54@gmail.com;89135667432
Nikita;Sherlock_TOP@gmail.com;89137064428
Anastasia;WannaCyberpunk2077@yandex.ru;89237653892
Boris;JavaProf2020@yandex.ru;89237653892
Dasha;JavaProf2020@yandex.ru;89135542332
Nikita;Andrew54@gmail.com;89137573198
Alexandra;Rublick@mail.ru;89135542332
Andrey;WannaCyberpunk2077@yandex.ru;89137759812
Nikolai;Hollow@yandex.ru;89605412298
Dima;Lollypopx20@yandex.ru;89604432312
Dima;Rublick@mail.ru;89237653892
Nikolai;goodMood@yandex.ru;89237653892
Igor;JavaProf2020@yandex.ru;89133409966
Boris;Hollow@yandex.ru;89137759812
Dima;Rublick@mail.ru;89605412298
Igor;goodMood@yandex.ru;89135667432
Dasha;WannaCyberpunk2077@yandex.ru;89135667432
Andrey;JavaProf2020@yandex.ru;89137064428
Alex;JavaProf2020@yandex.ru;89604432312
Dima;JavaProf2020@yandex.ru;89135542332
Dima;goodMood@yandex.ru;89137064428
Nikolai;Rublick@mail.ru;89137573198
Alex;goodMood@yandex.ru;89237653892
Nikolai;JavaProf2020@yandex.ru;89135542332
Alexandra;Sherlock_TOP@gmail.com;89605412298
Anastasia;Sherlock_TOP@gmail.com;89137759812
Nikolai;Andrew54@gmail.com;89135667432
Boris;Andrew54@gmail.com;89237653892
Alex;JavaProf2020@yandex.ru;89133409966
Alexandra;Rublick@mail.ru;89137573198
Dasha;Andrew54@gmail.com;343405665887
Nikolai;Hollow@yandex.ru;89135542332
Boris;goodMood@yandex.ru;89135542332
Nikita;Lollypopx20@yandex.ru;89604432312
Andrey;Hollow@yandex.ru;89137759812
Nikolai;goodMood@yandex.ru;89135667432
Alex;Hollow@yandex.ru;89137759812
Igor;Lollypopx20@yandex.ru;89137573198
Anastasia;JavaProf2020@yandex.ru;343405665887
Nikolai;Lollypopx20@yandex.ru;89237653892
Dasha;goodMood@yandex.ru;89135667432
Alex;Rublick@mail.ru;89135542332
Igor;goodMood@yandex.ru;89135542332
Nikita;Redund2020@mail.ru;89137573198
Alexandra;Redund2020@mail.ru;89135667432
Alexandra;Lollypopx20@yandex.ru;343405665887
Boris;goodMood@yandex.ru;89137064428
Dima;Redund2020@mail.ru;89133409966
Nikita;Sherlock_TOP@gmail.com;89137759812
Boris;JavaProf2020@yandex.ru;89135667432
Nikolai;Sherlock_TOP@gmail.com;89135542332
Alex;Andrew54@gmail.com;89604432312
Andrey;Rublick@mail.ru;89604432312
Anastasia;JavaProf2020@yandex.ru;89604432312
Dasha;Andrew54@gmail.com;89237653892
Nikolai;WannaCyberpunk2077@yandex.ru;343405665887
Boris;Andrew54@gmail.com;89135667432
Igor;Sherlock_TOP@gmail.com;89135542332
Andrey;Andrew54@gmail.com;89135667432
Dima;JavaProf2020@yandex.ru;89133409966
Dasha;goodMood@yandex.ru;89237653892
Nikolai;Andrew54@gmail.com;89135542332
Nikolai;Rublick@mail.ru;343405665887
Andrey;goodMood@yandex.ru;89604432312
Igor;WannaCyberpunk2077@yandex.ru;343405665887
Dasha;goodMood@yandex.ru;89137064428
Anastasia;Hollow@yandex.ru;343405665887
Nikita;WannaCyberpunk2077@yandex.ru;89137759812
Dima;Andrew54@gmail.com;89135542332
Anastasia;Sherlock_TOP@gmail.com;89137064428
Igor;JavaProf2020@yandex.ru;89135542332
Andrey;Andrew54@gmail.com;89137064428
Anastasia;Andrew54@gmail.com;89133409966
Alexandra;Sherlock_TOP@gmail.com;89137759812
Andrey;Redund2020@mail.ru;89135542332
Anastasia;Lot@gmail.com;343405665887
Nikita;Hollow@yandex.ru;89137573198
Dima;Redund2020@mail.ru;343405665887
Igor;Hollow@yandex.ru;89137759812
Boris;Hollow@yandex.ru;89137573198
Dima;JavaProf2020@yandex.ru;89604432312
Dasha;Sherlock_TOP@gmail.com;89135667432
Alex;JavaProf2020@yandex.ru;89237653892
Boris;Lot@gmail.com;89237653892
Dima;Sherlock_TOP@gmail.com;89133409966
Andrey;Lot@gmail.com;89237653892
Alex;JavaProf2020@yandex.ru;89135542332
Nikolai;WannaCyberpunk2077@yandex.ru;89605412298
Nikolai;Hollow@yandex.ru;89137573198
Nikita;Hollow@yandex.ru;89133409966
Igor;goodMood@yandex.ru;89137759812
Alex;Rublick@mail.ru;89135667432
Nikita;JavaProf2020@yandex.ru;89133409966
Dasha;Sherlock_TOP@gmail.com;89237653892
Nikolai;Sherlock_TOP@gmail.com;343405665887
Dasha;WannaCyberpunk2077@yandex.ru;89135542332
Alexandra;goodMood@yandex.ru;89137064428
Alexandra;Sherlock_TOP@gmail.com;343405665887
Andrey;Andrew54@gmail.com;89133409966
Nikita;Rublick@mail.ru;89135542332
Igor;Hollow@yandex.ru;89605412298
Nikolai;Hollow@yandex.ru;89237653892
Nikolai;Sherlock_TOP@gmail.com;89135667432
Boris;Redund2020@mail.ru;89604432312
Andrey;Rublick@mail.ru;343405665887
Boris;Hollow@yandex.ru;89605412298
Dima;Lollypopx20@yandex.ru;89605412298
Anastasia;Lollypopx20@yandex.ru;89605412298
Nikolai;Andrew54@gmail.com;89137064428
Nikita;Andrew54@gmail.com;89133409966
Dasha;goodMood@yandex.ru;343405665887
Nikita;Lot@gmail.com;89137573198
Igor;Lot@gmail.com;89605412298
Dima;Hollow@yandex.ru;89137759812
Alexandra;Redund2020@mail.ru;89137573198
Nikolai;Sherlock_TOP@gmail.com;89133409966
Andrey;goodMood@yandex.ru;89137573198
Dasha;goodMood@yandex.ru;89135542332
Dasha;Hollow@yandex.ru;89137759812
Igor;Andrew54@gmail.com;89604432312
Nikita;Sherlock_TOP@gmail.com;89137573198
Alexandra;Redund2020@mail.ru;89135542332
Andrey;Sherlock_TOP@gmail.com;89137064428
Dasha;Redund2020@mail.ru;89135542332
Anastasia;goodMood@yandex.ru;89137573198
Dasha;Redund2020@mail.ru;89137759812
Dima;goodMood@yandex.ru;89135667432
Alex;Hollow@yandex.ru;89605412298
Dasha;Rublick@mail.ru;89137759812
Alexandra;Andrew54@gmail.com;89137573198
Boris;Andrew54@gmail.com;89605412298
Alex;Hollow@yandex.ru;89133409966
Nikolai;Rublick@mail.ru;89135542332
Anastasia;WannaCyberpunk2077@yandex.ru;89133409966
Dima;Rublick@mail.ru;89133409966
Igor;Sherlock_TOP@gmail.com;89604432312
Nikolai;Rublick@mail.ru;89137064428
Nikolai;Sherlock_TOP@gmail.com;89137573198
Igor;Lot@gmail.com;89133409966
Boris;Redund2020@mail.ru;89237653892
Alex;Rublick@mail.ru;89133409966
Nikita;goodMood@yandex.ru;89237653892
Nikita;Rublick@mail.ru;89137573198
Nikolai;Lot@gmail.com;89237653892
Dima;Redund2020@mail.ru;89135542332
Anastasia;JavaProf2020@yandex.ru;89135667432
Dasha;JavaProf2020@yandex.ru;343405665887
Dasha;Lot@gmail.com;89135667432
Alex;Lot@gmail.com;89237653892
Anastasia;Rublick@mail.ru;89137064428
Alex;WannaCyberpunk2077@yandex.ru;89135667432
Nikolai;Hollow@yandex.ru;89137759812
Anastasia;WannaCyberpunk2077@yandex.ru;89137759812
Andrey;Redund2020@mail.ru;89237653892
Igor;WannaCyberpunk2077@yandex.ru;89133409966
Anastasia;Rublick@mail.ru;89605412298
Igor;Sherlock_TOP@gmail.com;89137573198
Boris;Rublick@mail.ru;89604432312
Nikita;WannaCyberpunk2077@yandex.ru;89135667432
Andrey;goodMood@yandex.ru;89137759812
Anastasia;JavaProf2020@yandex.ru;89137759812
Alexandra;Hollow@yandex.ru;89605412298
Nikita;goodMood@yandex.ru;89605412298
Igor;Lollypopx20@yandex.ru;89604432312
Nikita;Sherlock_TOP@gmail.com;89605412298
Alexandra;Lot@gmail.com;89137759812
Alex;Lollypopx20@yandex.ru;89137759812
Anastasia;Andrew54@gmail.com;89604432312
Nikita;goodMood@yandex.ru;343405665887
Alex;Andrew54@gmail.com;89135667432
Alexandra;WannaCyberpunk2077@yandex.ru;89135667432
Dasha;WannaCyberpunk2077@yandex.ru;343405665887
Alexandra;Redund2020@mail.ru;89604432312
Boris;Rublick@mail.ru;343405665887
Boris;Hollow@yandex.ru;89135667432
Alexandra;WannaCyberpunk2077@yandex.ru;343405665887
Boris;WannaCyberpunk2077@yandex.ru;89137759812
Dima;WannaCyberpunk2077@yandex.ru;89137064428
Alexandra;Hollow@yandex.ru;89135542332
Nikolai;JavaProf2020@yandex.ru;89604432312
Boris;Sherlock_TOP@gmail.com;343405665887
Andrey;Sherlock_TOP@gmail.com;89137759812
Alexandra;Lollypopx20@yandex.ru;89135667432
Alexandra;Lollypopx20@yandex.ru;89133409966
Igor;Lot@gmail.com;89604432312
Dasha;Sherlock_TOP@gmail.com;89604432312
Dasha;Sherlock_TOP@gmail.com;89133409966
Nikolai;Sherlock_TOP@gmail.com;89604432312
Dima;Sherlock_TOP@gmail.com;343405665887
Andrey;Lollypopx20@yandex.ru;89133409966
Anastasia;JavaProf2020@yandex.ru;89133409966
Nikolai;Sherlock_TOP@gmail.com;89605412298
Alexandra;Andrew54@gmail.com;89137064428
Boris;Rublick@mail.ru;89135542332
Anastasia;WannaCyberpunk2077@yandex.ru;89137064428
Andrey;Sherlock_TOP@gmail.com;89237653892
Nikolai;Lot@gmail.com;89137759812
Dasha;JavaProf2020@yandex.ru;89605412298
Dasha;Lot@gmail.com;89135542332
Alexandra;JavaProf2020@yandex.ru;89604432312
Dima;Redund2020@mail.ru;89237653892
Igor;Rublick@mail.ru;89237653892
Boris;Lollypopx20@yandex.ru;89135667432
Alexandra;Lot@gmail.com;89237653892
Nikolai;Hollow@yandex.ru;89137064428
Dima;goodMood@yandex.ru;89137573198
Igor;Hollow@yandex.ru;89135542332
Nikita;Andrew54@gmail.com;89605412298
Dasha;Hollow@yandex.ru;89135667432
Alexandra;Lollypopx20@yandex.ru;89237653892
Andrey;Redund2020@mail.ru;89604432312
Dasha;Lollypopx20@yandex.ru;89135542332
Alex;Lot@gmail.com;89135542332
Alexandra;Andrew54@gmail.com;89133409966
Nikita;Redund2020@mail.ru;89237653892
Dima;goodMood@yandex.ru;89605412298
Alex;Andrew54@gmail.com;89137759812
Boris;Lollypopx20@yandex.ru;89237653892
Anastasia;Hollow@yandex.ru;89137064428
Boris;WannaCyberpunk2077@yandex.ru;89604432312
Boris;Sherlock_TOP@gmail.com;89137573198
Dima;WannaCyberpunk2077@yandex.ru;89137759812
Nikolai;Lollypopx20@yandex.ru;89137064428
Dasha;Andrew54@gmail.com;89137064428
Igor;WannaCyberpunk2077@yandex.ru;89604432312
Anastasia;JavaProf2020@yandex.ru;89605412298
Andrey;Lollypopx20@yandex.ru;89137573198
Dima;Sherlock_TOP@gmail.com;89237653892
Igor;Andrew54@gmail.com;89137573198
Dasha;Rublick@mail.ru;89135542332
Alexandra;goodMood@yandex.ru;343405665887
Boris;JavaProf2020@yandex.ru;89137573198
Nikolai;Lollypopx20@yandex.ru;89135667432
Anastasia;WannaCyberpunk2077@yandex.ru;89137573198
Alex;Hollow@yandex.ru;89237653892
Nikolai;goodMood@yandex.ru;89137573198
Nikolai;Redund2020@mail.ru;89133409966
Nikolai;Lollypopx20@yandex.ru;89137573198
Dima;Hollow@yandex.ru;89137573198
Anastasia;goodMood@yandex.ru;89604432312
Dima;JavaProf2020@yandex.ru;89135667432
Anastasia;goodMood@yandex.ru;343405665887
Nikita;Lot@gmail.com;89135667432
Alexandra;Hollow@yandex.ru;89137573198
Boris;goodMood@yandex.ru;89137759812
Nikita;JavaProf2020@yandex.ru;343405665887
Dasha;Rublick@mail.ru;89605412298
Anastasia;WannaCyberpunk2077@yandex.ru;89135542332
Dima;Rublick@mail.ru;343405665887
Anastasia;Rublick@mail.ru;89137759812
Dasha;JavaProf2020@yandex.ru;89137064428
Dasha;Lot@gmail.com;89237653892
Nikita;Rublick@mail.ru;343405665887
Andrey;Sherlock_TOP@gmail.com;89135542332
Igor;JavaProf2020@yandex.ru;89137064428
Boris;WannaCyberpunk2077@yandex.ru;89137573198
Andrey;Sherlock_TOP@gmail.com;89137573198
Dima;Redund2020@mail.ru;89605412298
Dima;WannaCyberpunk2077@yandex.ru;89137573198
Andrey;Lollypopx20@yandex.ru;89137759812
Boris;Redund2020@mail.ru;89137064428
Boris;Lot@gmail.com;89133409966
Dasha;JavaProf2020@yandex.ru;89137759812
Nikita;WannaCyberpunk2077@yandex.ru;89133409966
Igor;Lot@gmail.com;89137573198
Alex;Lollypopx20@yandex.ru;89133409966
Anastasia;Lollypopx20@yandex.ru;89237653892
Anastasia;JavaProf2020@yandex.ru;89137064428
Igor;Lollypopx20@yandex.ru;343405665887
Alex;Redund2020@mail.ru;89237653892
Boris;Lollypopx20@yandex.ru;89133409966
Boris;Redund2020@mail.ru;89135542332
Nikolai;Lot@gmail.com;89137573198
Alexandra;Lollypopx20@yandex.ru;89605412298
Alexandra;Hollow@yandex.ru;89137064428
Anastasia;Sherlock_TOP@gmail.com;343405665887
Alexandra;Andrew54@gmail.com;89135542332
Andrey;Andrew54@gmail.com;343405665887
Boris;Andrew54@gmail.com;89135542332
Andrey;Lollypopx20@yandex.ru;89135542332
Dima;Redund2020@mail.ru;89137064428
Boris;Sherlock_TOP@gmail.com;89135542332
Boris;WannaCyberpunk2077@yandex.ru;89137064428
Nikita;JavaProf2020@yandex.ru;89137064428
Igor;Rublick@mail.ru;89137064428
Nikolai;Rublick@mail.ru;89237653892
Igor;Lot@gmail.com;343405665887
Andrey;Rublick@mail.ru;89137573198
Nikita;Rublick@mail.ru;89133409966
Nikita;Redund2020@mail.ru;89604432312
Dima;Rublick@mail.ru;89135667432
Boris;Lot@gmail.com;89137573198
Nikita;Redund2020@mail.ru;89133409966
Igor;Redund2020@mail.ru;89237653892
Anastasia;JavaProf2020@yandex.ru;89137573198
Alex;goodMood@yandex.ru;89605412298
Dasha;WannaCyberpunk2077@yandex.ru;89137573198
Andrey;Lot@gmail.com;89137573198
Nikita;Andrew54@gmail.com;89604432312
Nikolai;Rublick@mail.ru;89604432312
Andrey;Rublick@mail.ru;89137759812
Igor;Rublick@mail.ru;343405665887
Igor;WannaCyberpunk2077@yandex.ru;89135667432
Alexandra;Andrew54@gmail.com;89135667432
Igor;Andrew54@gmail.com;89237653892
Alexandra;goodMood@yandex.ru;89137573198
Anastasia;Lollypopx20@yandex.ru;89604432312
Dasha;Redund2020@mail.ru;89605412298
Andrey;JavaProf2020@yandex.ru;343405665887
Alex;Redund2020@mail.ru;89137573198
Igor;Andrew54@gmail.com;89137759812
Dima;Lot@gmail.com;89605412298
Boris;Rublick@mail.ru;89137573198
Alexandra;Redund2020@mail.ru;343405665887
Andrey;WannaCyberpunk2077@yandex.ru;89237653892
Andrey;JavaProf2020@yandex.ru;89137573198
Dima;WannaCyberpunk2077@yandex.ru;89605412298
Andrey;goodMood@yandex.ru;89135667432
Dima;Redund2020@mail.ru;89604432312
Dasha;Andrew54@gmail.com;89135542332
Alex;Sherlock_TOP@gmail.com;89135542332
Alex;WannaCyberpunk2077@yandex.ru;343405665887
Dima;Hollow@yandex.ru;89133409966
Nikita;Hollow@yandex.ru;89237653892
Andrey;Lollypopx20@yandex.ru;89137064428
Igor;goodMood@yandex.ru;89133409966
Alexandra;JavaProf2020@yandex.ru;89135542332
Andrey;Andrew54@gmail.com;89237653892
Dima;Andrew54@gmail.com;89605412298
Nikita;Lollypopx20@yandex.ru;89237653892
???;Unknown;348760543256
